Source,Target
AT5G47220,AT1G32630
AT5G47220,AT1G08840
AT5G47220,AT1G14030
AT5G47220,AT1G16730
AT5G47220,AT1G21610
AT5G47220,AT1G31835
AT5G47220,AT1G33415
AT5G47220,AT1G52510
AT5G47220,AT1G55810
AT5G47220,AT1G60080
AT5G47220,AT1G61820
AT5G47220,AT1G75340
AT5G47220,AT2G03050
AT5G47220,AT2G24500
AT5G47220,AT2G32090
AT5G47220,AT2G35930
AT5G47220,AT2G41700
AT5G47220,AT2G46910
AT5G47220,AT3G01910
AT5G47220,AT3G12980
AT5G47220,AT3G22100
AT5G47220,AT3G23620
AT5G47220,AT3G45880
AT5G47220,AT3G49410
AT5G47220,AT3G62800
AT5G47220,AT3G63400
AT5G47220,AT4G00080
AT5G47220,AT4G00895
AT5G47220,AT4G08580
AT5G47220,AT4G16710
AT5G47220,AT4G17760
AT5G47220,AT4G21150
AT5G47220,AT4G24250
AT5G47220,AT4G27490
AT5G47220,AT4G28800
AT5G47220,AT4G29380
AT5G47220,AT4G31150
AT5G47220,AT4G33467
AT5G47220,AT5G01175
AT5G47220,AT5G02820
AT5G47220,AT5G05600
AT5G47220,AT5G07890
AT5G47220,AT5G43870
AT5G47220,AT5G48240
AT5G47220,AT5G53860
AT5G47220,AT5G59070
AT2G20180,AT1G03630
AT2G20180,AT1G03180
AT2G20180,AT1G06135
AT2G20180,AT1G08170
AT2G20180,AT3G46630
AT2G20180,AT3G01510
AT2G20180,AT1G15150
AT2G20180,AT1G15170
AT2G20180,AT1G15180
AT2G20180,AT1G16540
AT2G20180,AT1G19000
AT2G20180,AT5G61830
AT2G20180,AT1G19660
AT2G20180,AT1G20515
AT2G20180,AT1G21440
AT2G20180,AT1G22180
AT2G20180,AT1G22750
AT2G20180,AT1G24580
AT2G20180,AT1G30550
AT2G20180,AT1G31420
AT2G20180,AT1G03030
AT2G20180,AT3G23230
AT2G20180,AT1G52220
AT2G20180,AT1G54500
AT2G20180,AT2G30570
AT2G20180,AT5G02880
AT2G20180,AT1G60600
AT2G20180,AT1G69800
AT2G20180,AT1G70580
AT2G20180,AT1G72100
AT2G20180,AT1G72820
AT2G20180,AT1G73120
AT2G20180,AT1G74320
AT2G20180,AT5G04460
AT2G20180,AT1G77000
AT2G20180,AT1G78510
AT2G20180,AT1G78900
AT2G20180,AT5G11090
AT2G20180,AT2G34620
AT2G20180,AT2G36270
AT2G20180,AT2G36895
AT2G20180,AT2G37480
AT2G20180,AT2G37750
AT2G20180,AT2G43140
AT2G20180,AT2G43480
AT2G20180,AT2G46700
AT2G20180,AT3G50240
AT2G20180,AT3G01990
AT2G20180,AT3G04210
AT2G20180,AT3G63060
AT2G20180,AT3G07390
AT2G20180,AT4G31115
AT2G20180,AT3G12320
AT2G20180,AT3G13980
AT2G20180,AT3G14330
AT2G20180,AT3G21870
AT2G20180,AT3G21055
AT2G20180,AT3G29575
AT2G20180,AT3G50060
AT2G20180,AT3G51830
AT2G20180,AT3G53180
AT2G20180,AT3G54890
AT2G20180,AT3G56010
AT2G20180,AT3G59820
AT2G20180,AT5G48610
AT2G20180,AT4G00490
AT2G20180,AT4G00850
AT2G20180,AT4G01883
AT2G20180,AT5G46870
AT2G20180,AT4G16160
AT2G20180,AT5G17300
AT2G20180,AT1G23310
AT2G20180,AT4G17560
AT2G20180,AT4G18520
AT2G20180,AT4G24100
AT2G20180,AT4G25130
AT2G20180,AT4G25450
AT2G20180,AT5G64710
AT2G20180,AT4G25580
AT2G20180,AT4G28290
AT2G20180,AT5G23120
AT2G20180,AT4G38950
AT2G20180,AT4G40010
AT2G20180,AT5G01530
AT2G20180,AT5G04250
AT2G20180,AT3G19800
AT2G20180,AT5G05965
AT2G20180,AT5G12840
AT2G20180,AT5G13650
AT2G20180,AT5G16800
AT2G20180,AT5G18670
AT2G20180,AT5G66570
AT2G20180,AT5G26600
AT2G20180,AT5G38520
AT2G20180,AT5G50300
AT2G20180,AT5G51990
AT2G20180,AT5G57610
AT2G20180,AT5G24155
AT2G20180,AT1G05360
AT5G67580,AT1G03530
AT5G67580,AT1G10270
AT5G67580,AT1G13870
AT5G67580,AT1G16800
AT5G67580,AT1G23410
AT5G67580,AT1G26900
AT5G67580,AT1G36310
AT5G67580,AT1G56110
AT5G67580,AT1G64600
AT5G67580,AT1G65030
AT5G67580,AT1G72820
AT5G67580,AT1G77390
AT5G67580,AT1G77570
AT5G67580,AT2G05120
AT5G67580,AT2G33090
AT5G67580,AT2G34210
AT5G67580,AT2G34570
AT5G67580,AT2G34900
AT5G67580,AT2G45970
AT5G67580,AT2G47110
AT5G67580,AT2G47990
AT5G67580,AT3G06530
AT5G67580,AT3G07050
AT5G67580,AT3G22700
AT5G67580,AT3G46950
AT5G67580,AT3G55485
AT5G67580,AT3G56990
AT5G67580,AT3G59630
AT5G67580,AT3G62840
AT5G67580,AT4G05400
AT5G67580,AT4G10620
AT5G67580,AT4G12750
AT5G67580,AT4G14560
AT5G67580,AT4G15640
AT5G67580,AT4G26795
AT5G67580,AT4G31150
AT5G67580,AT5G65860
AT5G67580,AT5G06000
AT5G67580,AT5G07310
AT5G67580,AT5G24840
AT5G67580,AT5G26110
AT5G67580,AT5G52100
AT5G67580,AT5G54910
AT5G67580,AT5G62160
AT5G07310,AT1G08840
AT5G07310,AT5G54600
AT5G07310,AT1G14030
AT5G07310,AT1G21610
AT5G07310,AT1G48580
AT5G07310,AT5G48390
AT5G07310,AT1G31360
AT5G07310,AT5G56900
AT5G07310,AT1G55810
AT5G07310,AT1G56180
AT5G07310,AT1G60080
AT5G07310,AT4G14870
AT5G07310,AT3G21755
AT5G07310,AT1G75340
AT5G07310,AT2G24500
AT5G07310,AT2G31920
AT5G07310,AT5G01920
AT5G07310,AT2G46910
AT5G07310,AT3G17300
AT5G07310,AT4G32350
AT5G07310,AT3G29360
AT5G07310,AT3G45880
AT5G07310,AT3G49410
AT5G07310,AT5G61350
AT5G07310,AT3G56570
AT5G07310,AT3G58660
AT5G07310,AT3G61070
AT5G07310,AT3G62800
AT5G07310,AT4G00895
AT5G07310,AT4G01037
AT5G07310,AT4G13500
AT5G07310,AT4G21926
AT5G07310,AT4G24250
AT5G07310,AT5G42630
AT5G07310,AT4G27490
AT5G07310,AT4G28310
AT5G07310,AT4G28550
AT5G07310,AT4G30845
AT5G07310,AT4G31150
AT5G07310,AT4G33467
AT5G07310,AT4G37670
AT5G07310,AT5G09690
AT5G07310,AT5G47430
AT5G07310,AT5G50240
AT5G07310,AT5G58250
AT5G07310,AT5G59070
AT5G07310,AT5G67300
AT3G23220,AT1G03540
AT3G23220,AT3G07050
AT3G23220,AT1G16445
AT3G23220,AT1G17665
AT3G23220,AT1G19960
AT3G23220,AT1G20060
AT3G23220,AT1G21528
AT3G23220,AT1G57650
AT3G23220,AT1G49540
AT3G23220,AT1G56180
AT3G23220,AT1G56220
AT3G23220,AT1G71140
AT3G23220,AT3G44400
AT3G23220,AT1G79790
AT3G23220,AT1G80060
AT3G23220,AT2G03060
AT3G23220,AT2G17850
AT3G23220,AT2G21950
AT3G23220,AT2G35050
AT3G23220,AT3G14075
AT3G23220,AT2G46860
AT3G23220,AT3G01540
AT3G23220,AT3G04350
AT3G23220,AT3G06960
AT3G23220,AT3G09660
AT3G23220,AT3G09730
AT3G23220,AT3G10060
AT3G23220,AT3G10680
AT3G23220,AT3G16150
AT3G23220,AT3G17250
AT3G23220,AT5G42770
AT3G23220,AT3G49400
AT3G23220,AT3G57570
AT3G23220,AT3G61010
AT3G23220,AT3G63130
AT3G23220,AT4G06746
AT3G23220,AT4G16400
AT3G23220,AT4G17760
AT3G23220,AT4G18240
AT3G23220,AT1G27420
AT3G23220,AT5G01175
AT3G23220,AT5G06120
AT3G23220,AT5G06290
AT3G23220,AT1G21313
AT3G23220,AT4G09695
AT3G23220,AT5G42110
AT3G23220,AT1G10320
AT3G23220,AT5G51120
AT3G23220,AT5G53010
AT3G23220,AT5G55600
AT3G23220,AT5G58240
AT3G23220,AT5G64750
AT5G47390,AT1G01240
AT5G47390,AT1G19660
AT5G47390,AT1G78830
AT5G47390,AT2G03310
AT5G47390,AT2G42190
AT5G47390,AT3G05090
AT5G47390,AT3G09210
AT5G47390,AT3G17770
AT5G47390,AT3G20680
AT5G47390,AT3G26740
AT5G47390,AT3G48500
AT5G47390,AT3G56910
AT5G47390,AT4G09040
AT5G47390,AT4G19100
AT5G47390,AT4G26555
AT5G47390,AT4G36670
AT5G47390,AT5G18860
AT5G47390,AT4G21510
AT1G19000,AT2G17033
AT1G19000,AT1G49200
AT1G19000,AT1G45230
AT1G19000,AT2G32500
AT1G19000,AT1G70270
AT1G19000,AT2G24550
AT1G19000,AT3G03660
AT1G19000,AT3G19800
AT1G19000,AT3G52150
AT1G19000,AT3G15770
AT1G19000,AT4G17740
AT1G19000,AT4G38870
AT1G19000,AT5G10710
AT1G19000,AT5G56100
AT1G19000,AT5G61590
AT5G61620,AT2G24550
AT5G61620,AT2G37750
AT5G61620,AT3G23710
AT5G61620,AT5G38020
AT5G61620,AT4G17740
AT5G61620,AT5G56100
AT5G61620,AT5G61590
AT1G74840,AT3G21390
AT1G74840,AT4G27130
AT1G74840,AT5G65720
AT1G74840,AT5G18620
AT1G74840,AT5G53320
AT1G74840,AT1G74370
AT1G74840,AT5G64460
AT1G74840,AT2G03060
AT1G74840,AT3G16500
AT1G74840,AT4G39830
AT1G74840,AT4G05390
AT1G74840,AT1G13480
AT1G74840,AT4G17740
AT1G74840,AT1G29640
AT1G74840,AT3G21055
AT1G74840,AT3G17712
AT1G22810,AT1G04945
AT1G22810,AT4G09695
AT1G22810,AT1G20693
AT1G22810,AT1G23970
AT1G22810,AT1G57650
AT1G22810,AT2G45930
AT1G22810,AT1G52890
AT1G22810,AT1G53780
AT1G22810,AT2G24545
AT1G22810,AT1G68920
AT1G22810,AT1G71490
AT1G22810,AT1G80060
AT1G22810,AT2G02860
AT1G22810,AT2G17020
AT1G22810,AT5G06120
AT1G22810,AT4G13860
AT1G22810,AT3G10280
AT1G22810,AT3G10680
AT1G22810,AT3G17250
AT1G22810,AT2G32130
AT1G22810,AT5G14030
AT1G22810,AT1G21528
AT1G22810,AT3G22415
AT1G22810,AT3G44400
AT1G22810,AT2G46610
AT1G22810,AT1G50900
AT1G22810,AT3G52140
AT1G22810,AT4G03540
AT1G22810,AT4G16400
AT1G22810,AT2G40460
AT1G22810,AT4G28550
AT1G22810,AT5G06290
AT1G22810,AT5G18570
AT1G22810,AT5G28750
AT1G22810,AT3G21660
AT1G22810,AT5G42110
AT1G22810,AT5G42900
AT1G22810,AT5G45095
AT1G22810,AT5G58240
AT1G22810,AT5G61620
AT1G77640,AT1G04945
AT1G77640,AT1G45015
AT1G77640,AT1G54890
AT1G77640,AT1G68920
AT1G77640,AT1G75860
AT1G77640,AT2G02860
AT1G77640,AT2G18450
AT1G77640,AT2G34300
AT1G77640,AT2G38360
AT1G77640,AT3G17250
AT1G77640,AT3G24840
AT1G77640,AT3G51075
AT1G77640,AT3G63120
AT1G77640,AT4G03540
AT1G77640,AT4G18030
AT1G77640,AT4G32350
AT1G77640,AT5G06120
AT1G77640,AT5G06290
AT1G77640,AT5G66240
AT3G11020,AT1G54890
AT3G11020,AT1G79660
AT3G11020,AT1G79790
AT3G11020,AT2G02860
AT3G11020,AT2G32320
AT3G11020,AT2G42320
AT3G11020,AT3G05250
AT3G11020,AT4G03540
AT3G11020,AT4G25520
AT3G11020,AT5G06120
AT3G11020,AT5G54860
AT1G77200,AT1G10090
AT1G77200,AT2G40400
AT1G77200,AT1G52630
AT1G77200,AT1G74370
AT1G77200,AT2G22450
AT1G77200,AT2G24820
AT1G77200,AT2G37580
AT1G77200,AT2G41870
AT1G77200,AT2G42320
AT1G77200,AT2G45460
AT1G77200,AT2G46520
AT1G77200,AT2G47070
AT1G77200,AT3G15630
AT1G77200,AT3G18740
AT1G77200,AT3G50760
AT1G77200,AT3G53620
AT1G77200,AT3G57780
AT1G77200,AT4G02570
AT1G77200,AT4G13110
AT1G77200,AT1G70700
AT1G77200,AT5G01740
AT1G77200,AT5G50720
AT3G60490,AT2G38360
AT3G60490,AT2G42320
AT3G60490,AT3G06770
AT3G60490,AT3G30460
AT3G60490,AT3G58790
AT3G60490,AT4G18030
AT3G60490,AT4G33960
AT3G60490,AT5G44130
AT4G32800,AT1G05860
AT4G32800,AT1G52630
AT4G32800,AT1G74370
AT4G32800,AT2G20370
AT4G32800,AT2G22450
AT4G32800,AT2G42320
AT4G32800,AT2G45460
AT4G32800,AT2G47070
AT4G32800,AT3G53620
AT4G32800,AT3G57780
AT4G32800,AT4G36010
AT4G32800,AT5G01740
AT4G32800,AT5G40540
AT5G25810,AT1G05860
AT5G25810,AT1G10090
AT5G25810,AT1G25145
AT5G25810,AT1G52630
AT5G25810,AT1G74370
AT5G25810,AT2G20370
AT5G25810,AT2G22450
AT5G25810,AT2G31010
AT5G25810,AT2G35930
AT5G25810,AT2G42320
AT5G25810,AT2G45460
AT5G25810,AT3G18740
AT5G25810,AT3G50760
AT5G25810,AT3G53620
AT5G25810,AT3G57780
AT5G25810,AT4G02570
AT5G25810,AT4G11050
AT5G25810,AT5G01175
AT5G25810,AT5G01740
AT5G25810,AT5G13200
AT5G25810,AT5G40540
AT5G25810,AT5G50720
AT5G25810,AT5G58140
AT5G51990,AT1G13860
AT5G51990,AT2G32270
AT5G51990,AT1G29395
AT5G51990,AT1G51090
AT5G51990,AT1G60790
AT5G51990,AT1G64760
AT5G51990,AT1G70640
AT5G51990,AT1G79660
AT5G51990,AT2G42320
AT5G51990,AT4G32350
AT5G51990,AT3G22070
AT5G51990,AT5G39410
AT4G25480,AT1G10090
AT4G25480,AT1G65450
AT4G25480,AT1G74370
AT4G25480,AT1G22065
AT4G25480,AT2G20370
AT4G25480,AT2G23120
AT4G25480,AT2G42320
AT4G25480,AT2G43620
AT4G25480,AT2G47850
AT4G25480,AT3G05905
AT4G25480,AT3G12490
AT4G25480,AT3G18740
AT4G25480,AT3G57780
AT4G25480,AT4G13990
AT4G25480,AT4G36010
AT4G25480,AT5G07920
AT4G25480,AT5G13200
AT4G25480,AT5G15970
AT4G25480,AT5G65613
AT4G25480,AT5G50720
AT2G44940,AT1G29290
AT2G44940,AT1G54890
AT2G44940,AT1G79790
AT2G44940,AT2G02860
AT2G44940,AT2G34300
AT2G44940,AT2G42320
AT2G44940,AT3G06770
AT2G44940,AT1G78570
AT2G44940,AT3G30460
AT2G44940,AT3G58790
AT2G44940,AT4G18030
AT2G44940,AT4G28550
AT2G44940,AT4G32350
AT4G25470,AT1G10090
AT4G25470,AT1G53200
AT4G25470,AT1G64770
AT4G25470,AT1G65450
AT4G25470,AT1G71950
AT4G25470,AT2G23120
AT4G25470,AT2G43620
AT4G25470,AT3G05905
AT4G25470,AT3G12490
AT4G25470,AT3G19830
AT4G25470,AT4G13990
AT4G25470,AT4G32190
AT4G25470,AT5G15970
AT4G25470,AT5G57510
AT4G25470,AT5G50720
AT2G23340,AT1G29290
AT2G23340,AT1G54890
AT2G23340,AT1G61340
AT2G23340,AT2G02860
AT2G23340,AT2G20370
AT2G23340,AT3G06770
AT2G23340,AT3G15390
AT2G23340,AT3G30460
AT2G23340,AT3G51075
AT2G23340,AT4G01026
AT2G23340,AT4G25520
AT2G23340,AT4G35720
AT4G25490,AT1G10090
AT4G25490,AT1G64770
AT4G25490,AT2G20370
AT4G25490,AT2G23120
AT4G25490,AT2G24820
AT4G25490,AT2G22450
AT4G25490,AT2G42320
AT4G25490,AT2G42520
AT4G25490,AT3G05905
AT4G25490,AT3G12490
AT4G25490,AT4G02570
AT4G25490,AT4G11050
AT4G25490,AT4G13110
AT4G25490,AT4G13990
AT4G25490,AT4G22130
AT4G25490,AT5G11790
AT4G25490,AT5G65860
AT4G25490,AT5G13200
AT4G25490,AT5G15970
AT4G25490,AT5G23150
AT4G25490,AT5G57510
AT4G25490,AT1G25425
AT4G25490,AT5G50720
AT4G25490,AT5G06865
AT4G06746,AT1G04130
AT4G06746,AT2G35930
AT4G06746,AT2G42320
AT4G06746,AT2G45460
AT4G06746,AT2G47070
AT4G06746,AT3G12980
AT4G06746,AT3G15370
AT4G06746,AT3G19830
AT4G06746,AT3G57780
AT4G06746,AT4G13110
AT4G06746,AT4G36010
AT4G06746,AT5G01740
AT4G06746,AT5G51260
AT4G06746,AT5G56880
AT1G46768,AT1G07160
AT1G46768,AT5G08280
AT1G46768,AT1G29290
AT1G46768,AT1G12030
AT1G46768,AT1G79790
AT1G46768,AT1G74370
AT1G46768,AT2G02860
AT1G46768,AT1G15150
AT1G46768,AT2G34300
AT1G46768,AT1G71850
AT1G46768,AT2G44990
AT1G46768,AT5G10320
AT1G46768,AT3G10280
AT1G46768,AT3G10680
AT1G46768,AT3G14120
AT1G46768,AT1G78570
AT1G46768,AT3G51075
AT1G46768,AT4G06746
AT1G46768,AT3G51600
AT1G46768,AT4G18240
AT1G46768,AT1G18270
AT1G46768,AT4G25520
AT1G46768,AT3G06960
AT1G46768,AT3G59630
AT1G46768,AT5G06290
AT1G46768,AT5G01175
AT1G46768,AT1G56180
AT1G46768,AT3G05650
AT1G46768,AT5G54860
AT1G46768,AT1G61575
AT2G35700,AT1G18270
AT2G35700,AT1G29290
AT2G35700,AT2G02860
AT2G35700,AT3G51750
AT2G35700,AT4G18240
AT2G35700,AT5G54860
AT5G13910,AT1G02870
AT5G13910,AT1G07119
AT5G13910,AT1G08840
AT5G13910,AT1G21610
AT5G13910,AT1G25145
AT5G13910,AT1G30850
AT5G13910,AT1G31360
AT5G13910,AT5G56900
AT5G13910,AT1G49620
AT5G13910,AT1G55810
AT5G13910,AT1G56180
AT5G13910,AT1G60080
AT5G13910,AT1G75340
AT5G13910,AT1G48580
AT5G13910,AT1G79830
AT5G13910,AT1G64940
AT5G13910,AT2G31920
AT5G13910,AT2G32090
AT5G13910,AT2G35140
AT5G13910,AT2G35930
AT5G13910,AT2G41950
AT5G13910,AT3G01910
AT5G13910,AT5G18550
AT5G13910,AT3G18740
AT5G13910,AT3G29360
AT5G13910,AT3G45880
AT5G13910,AT3G49410
AT5G13910,AT3G56570
AT5G13910,AT3G58660
AT5G13910,AT3G61070
AT5G13910,AT3G62800
AT5G13910,AT4G00080
AT5G13910,AT4G00895
AT5G13910,AT4G01037
AT5G13910,AT4G16710
AT5G13910,AT4G18440
AT5G13910,AT4G21150
AT5G13910,AT4G24250
AT5G13910,AT4G27490
AT5G13910,AT4G29310
AT5G13910,AT4G29380
AT5G13910,AT4G30845
AT5G13910,AT4G31150
AT5G13910,AT4G32350
AT5G13910,AT5G02820
AT5G13910,AT5G05670
AT5G13910,AT5G06550
AT5G13910,AT5G20920
AT5G13910,AT5G44160
AT5G13910,AT5G47430
AT5G13910,AT5G50240
AT5G13910,AT5G52780
AT5G13910,AT5G53860
AT5G13910,AT5G58250
AT5G13910,AT5G59750
AT5G13910,AT5G63550
AT5G13910,AT5G67190
AT5G13910,AT5G67300
AT1G53910,AT1G03070
AT1G53910,AT1G03540
AT1G53910,AT1G03905
AT1G53910,AT1G21528
AT1G53910,AT1G23410
AT1G53910,AT1G56180
AT1G53910,AT1G71140
AT1G53910,AT1G75210
AT1G53910,AT1G79790
AT1G53910,AT2G22250
AT1G53910,AT2G32250
AT1G53910,AT2G35050
AT1G53910,AT3G09660
AT1G53910,AT3G10680
AT1G53910,AT3G11900
AT1G53910,AT3G49400
AT1G53910,AT3G53570
AT1G53910,AT3G57570
AT1G53910,AT4G38160
AT1G53910,AT5G06120
AT1G53910,AT5G06290
AT1G53910,AT5G20370
AT1G53910,AT5G42770
AT1G53910,AT5G55600
AT1G53910,AT5G58240
AT1G53910,AT5G64750
AT1G53910,AT5G66240
AT4G27950,AT1G07119
AT4G27950,AT1G08840
AT4G27950,AT1G11000
AT4G27950,AT1G18460
AT4G27950,AT1G19740
AT4G27950,AT1G21610
AT4G27950,AT1G25145
AT4G27950,AT1G31360
AT4G27950,AT1G32630
AT4G27950,AT1G50440
AT4G27950,AT1G55810
AT4G27950,AT1G56180
AT4G27950,AT1G60080
AT4G27950,AT1G69252
AT4G27950,AT2G17970
AT4G27950,AT2G32090
AT4G27950,AT2G35930
AT4G27950,AT2G41950
AT4G27950,AT2G44670
AT4G27950,AT2G46910
AT4G27950,AT3G18740
AT4G27950,AT3G29360
AT4G27950,AT3G49410
AT4G27950,AT3G56570
AT4G27950,AT3G61070
AT4G27950,AT3G62800
AT4G27950,AT4G00895
AT4G27950,AT4G16710
AT4G27950,AT4G21150
AT4G27950,AT4G24250
AT4G27950,AT4G24470
AT4G27950,AT4G27490
AT4G27950,AT4G29380
AT4G27950,AT4G30845
AT4G27950,AT4G31150
AT4G27950,AT4G33700
AT4G27950,AT4G36110
AT4G27950,AT5G02820
AT4G27950,AT5G05380
AT4G27950,AT5G28750
AT4G27950,AT5G44160
AT4G27950,AT5G45140
AT4G27950,AT5G45580
AT4G27950,AT5G48390
AT4G27950,AT5G50240
AT4G27950,AT5G53860
AT4G27950,AT5G58250
AT4G27950,AT5G58240
AT4G27950,AT5G59750
AT4G27950,AT5G63550
AT4G27950,AT5G67190
AT4G27950,AT5G67300
AT5G44210,AT1G01940
AT5G44210,AT1G04945
AT5G44210,AT1G21528
AT5G44210,AT1G23410
AT5G44210,AT1G25240
AT5G44210,AT1G29390
AT5G44210,AT1G56190
AT5G44210,AT1G56180
AT5G44210,AT1G75210
AT5G44210,AT1G77410
AT5G44210,AT2G22250
AT5G44210,AT2G27400
AT5G44210,AT2G35050
AT5G44210,AT2G43190
AT5G44210,AT2G45860
AT5G44210,AT3G04350
AT5G44210,AT3G06570
AT5G44210,AT3G09660
AT5G44210,AT3G09730
AT5G44210,AT3G09960
AT5G44210,AT3G10060
AT5G44210,AT3G10680
AT5G44210,AT3G17250
AT5G44210,AT3G49400
AT5G44210,AT3G52140
AT5G44210,AT3G53570
AT5G44210,AT3G57570
AT5G44210,AT3G61010
AT5G44210,AT4G03540
AT5G44210,AT4G27010
AT5G44210,AT4G38160
AT5G44210,AT5G01175
AT5G44210,AT5G04870
AT5G44210,AT5G06120
AT5G44210,AT5G06290
AT5G44210,AT5G24640
AT5G44210,AT5G40500
AT5G44210,AT5G42770
AT5G44210,AT5G45040
AT5G44210,AT5G55600
AT5G44210,AT5G58240
AT5G44210,AT5G66240
AT4G17490,AT1G04635
AT4G17490,AT1G08840
AT4G17490,AT1G11000
AT4G17490,AT1G12800
AT4G17490,AT1G14030
AT4G17490,AT1G15820
AT4G17490,AT1G16730
AT4G17490,AT1G18460
AT4G17490,AT1G21610
AT4G17490,AT1G31835
AT4G17490,AT1G55810
AT4G17490,AT1G57680
AT4G17490,AT1G60080
AT4G17490,AT1G75340
AT4G17490,AT2G21960
AT4G17490,AT2G24500
AT4G17490,AT2G35930
AT4G17490,AT3G09730
AT4G17490,AT3G22100
AT4G17490,AT3G45880
AT4G17490,AT3G49410
AT4G17490,AT3G56570
AT4G17490,AT3G58660
AT4G17490,AT3G62800
AT4G17490,AT4G00080
AT4G17490,AT4G00895
AT4G17490,AT4G17760
AT4G17490,AT4G21150
AT4G17490,AT4G24250
AT4G17490,AT4G27490
AT4G17490,AT4G29380
AT4G17490,AT4G30845
AT4G17490,AT4G31150
AT4G17490,AT4G33467
AT4G17490,AT5G43870
AT4G17490,AT5G44160
AT4G17490,AT5G53460
AT4G17490,AT5G53860
AT4G17490,AT5G58250
AT4G17490,AT5G63550
AT4G17490,AT5G67300
AT1G28370,AT1G01830
AT1G28370,AT4G14870
AT1G28370,AT1G10370
AT1G28370,AT1G32630
AT1G28370,AT1G11390
AT1G28370,AT1G14030
AT1G28370,AT1G16730
AT1G28370,AT1G18460
AT1G28370,AT1G21610
AT1G28370,AT1G25145
AT1G28370,AT1G29320
AT1G28370,AT1G31360
AT1G28370,AT1G33415
AT1G28370,AT5G61350
AT1G28370,AT1G55810
AT1G28370,AT5G51130
AT1G28370,AT1G60080
AT1G28370,AT1G61820
AT1G28370,AT1G71490
AT1G28370,AT1G71990
AT1G28370,AT3G21755
AT1G28370,AT1G75340
AT1G28370,AT2G03050
AT1G28370,AT1G64940
AT1G28370,AT2G26810
AT1G28370,AT2G31920
AT1G28370,AT2G41950
AT1G28370,AT3G01910
AT1G28370,AT3G58660
AT1G28370,AT3G10750
AT1G28370,AT3G12980
AT1G28370,AT3G18740
AT1G28370,AT3G23640
AT1G28370,AT3G49410
AT1G28370,AT4G37520
AT1G28370,AT5G51110
AT1G28370,AT3G62800
AT1G28370,AT4G00080
AT1G28370,AT4G00895
AT1G28370,AT4G16710
AT1G28370,AT4G17760
AT1G28370,AT4G21150
AT1G28370,AT4G24250
AT1G28370,AT4G32350
AT1G28370,AT4G27490
AT1G28370,AT4G29380
AT1G28370,AT4G30845
AT1G28370,AT4G31150
AT1G28370,AT4G32900
AT1G28370,AT4G33467
AT1G28370,AT4G37380
AT1G28370,AT5G01175
AT1G28370,AT5G02820
AT1G28370,AT5G09690
AT1G28370,AT5G20920
AT1G28370,AT5G53860
AT1G28370,AT5G55580
AT1G28370,AT5G58210
AT1G28370,AT5G58250
AT1G28370,AT5G59070
AT1G28370,AT5G59750
AT1G28370,AT5G67300
AT1G43160,AT1G04945
AT1G43160,AT1G08090
AT1G43160,AT3G07050
AT1G43160,AT1G20060
AT1G43160,AT1G21528
AT1G43160,AT1G23410
AT1G43160,AT1G31800
AT1G43160,AT1G49540
AT1G43160,AT1G71490
AT1G43160,AT3G44400
AT1G43160,AT1G07820
AT1G43160,AT2G03060
AT1G43160,AT2G17850
AT1G43160,AT4G26555
AT1G43160,AT2G22250
AT1G43160,AT2G26830
AT1G43160,AT2G28560
AT1G43160,AT2G32130
AT1G43160,AT2G35050
AT1G43160,AT1G79790
AT1G43160,AT2G46860
AT1G43160,AT3G03020
AT1G43160,AT3G04350
AT1G43160,AT3G08970
AT1G43160,AT3G09660
AT1G43160,AT3G10680
AT1G43160,AT3G22660
AT1G43160,AT3G57570
AT1G43160,AT3G58120
AT1G43160,AT1G10320
AT1G43160,AT1G79440
AT1G43160,AT4G17760
AT1G43160,AT4G18240
AT1G43160,AT5G42770
AT1G43160,AT5G01175
AT1G43160,AT5G06120
AT1G43160,AT5G39785
AT1G43160,AT5G27390
AT1G43160,AT5G45095
AT1G43160,AT5G51120
AT1G43160,AT5G53010
AT1G43160,AT5G54860
AT1G43160,AT4G13860
AT1G43160,AT5G64750
AT1G43160,AT3G28956
AT1G43160,AT5G66240
AT1G68550,AT1G02870
AT1G68550,AT4G14870
AT1G68550,AT1G10370
AT1G68550,AT1G32630
AT1G68550,AT1G14030
AT1G68550,AT1G16730
AT1G68550,AT1G18460
AT1G68550,AT1G18773
AT1G68550,AT1G21610
AT1G68550,AT1G31360
AT1G68550,AT1G33415
AT1G68550,AT1G55810
AT1G68550,AT1G60080
AT1G68550,AT1G69252
AT1G68550,AT1G71490
AT1G68550,AT3G21755
AT1G68550,AT1G75340
AT1G68550,AT2G03050
AT1G68550,AT1G64940
AT1G68550,AT2G26810
AT1G68550,AT2G28900
AT1G68550,AT2G31920
AT1G68550,AT5G01920
AT1G68550,AT2G41950
AT1G68550,AT3G01910
AT1G68550,AT3G58660
AT1G68550,AT3G10750
AT1G68550,AT3G18740
AT1G68550,AT3G45880
AT1G68550,AT3G49410
AT1G68550,AT4G37520
AT1G68550,AT5G51110
AT1G68550,AT3G56090
AT1G68550,AT3G62800
AT1G68550,AT4G00080
AT1G68550,AT4G00895
AT1G68550,AT4G17760
AT1G68550,AT4G21150
AT1G68550,AT4G23320
AT1G68550,AT4G24250
AT1G68550,AT4G32350
AT1G68550,AT4G27050
AT1G68550,AT4G27490
AT1G68550,AT4G29380
AT1G68550,AT4G30845
AT1G68550,AT4G31150
AT1G68550,AT4G32900
AT1G68550,AT4G33467
AT1G68550,AT4G37380
AT1G68550,AT5G49020
AT1G68550,AT5G42630
AT1G68550,AT5G01175
AT1G68550,AT5G02820
AT1G68550,AT5G05600
AT1G68550,AT1G12750
AT1G68550,AT5G20920
AT1G68550,AT5G51130
AT1G68550,AT5G53860
AT1G68550,AT5G54600
AT1G68550,AT5G55580
AT1G68550,AT5G58210
AT1G68550,AT5G58250
AT1G68550,AT5G59070
AT1G68550,AT5G59750
AT1G68550,AT5G67300
AT5G47230,AT1G02870
AT5G47230,AT1G08840
AT5G47230,AT4G14870
AT5G47230,AT1G10370
AT5G47230,AT1G32630
AT5G47230,AT1G11390
AT5G47230,AT5G54600
AT5G47230,AT1G14030
AT5G47230,AT1G16730
AT5G47230,AT3G18295
AT5G47230,AT1G18460
AT5G47230,AT1G21610
AT5G47230,AT1G25145
AT5G47230,AT1G29320
AT5G47230,AT1G33415
AT5G47230,AT1G54310
AT5G47230,AT1G55810
AT5G47230,AT1G60080
AT5G47230,AT5G63370
AT5G47230,AT1G71490
AT5G47230,AT5G27390
AT5G47230,AT3G21755
AT5G47230,AT2G03050
AT5G47230,AT1G64940
AT5G47230,AT2G26810
AT5G47230,AT2G31920
AT5G47230,AT5G48390
AT5G47230,AT5G01920
AT5G47230,AT2G35658
AT5G47230,AT2G41950
AT5G47230,AT2G43870
AT5G47230,AT3G01910
AT5G47230,AT3G58660
AT5G47230,AT4G21470
AT5G47230,AT3G09730
AT5G47230,AT3G12980
AT5G47230,AT3G26360
AT5G47230,AT3G45880
AT5G47230,AT3G49410
AT5G47230,AT4G32350
AT5G47230,AT4G37520
AT5G47230,AT5G51110
AT5G47230,AT3G62800
AT5G47230,AT4G00080
AT5G47230,AT4G00895
AT5G47230,AT4G04940
AT5G47230,AT4G10350
AT5G47230,AT4G16710
AT5G47230,AT4G21150
AT5G47230,AT4G24250
AT5G47230,AT4G27050
AT5G47230,AT4G27490
AT5G47230,AT4G28800
AT5G47230,AT4G29380
AT5G47230,AT4G30845
AT5G47230,AT4G31150
AT5G47230,AT4G32900
AT5G47230,AT4G33467
AT5G47230,AT4G37380
AT5G47230,AT4G02350
AT5G47230,AT5G49020
AT5G47230,AT5G02820
AT5G47230,AT1G12750
AT5G47230,AT5G09690
AT5G47230,AT5G20920
AT5G47230,AT1G03250
AT5G47230,AT5G53860
AT5G47230,AT2G32090
AT5G47230,AT5G55580
AT5G47230,AT5G58250
AT5G47230,AT5G59070
AT5G47230,AT5G59750
AT5G47230,AT5G60590
AT5G47230,AT5G63550
AT5G47230,AT5G67190
AT5G47230,AT5G67300
AT1G53170,AT1G04635
AT1G53170,AT1G06160
AT1G53170,AT1G08840
AT1G53170,AT1G10370
AT1G53170,AT1G32630
AT1G53170,AT1G11390
AT1G53170,AT1G12800
AT1G53170,AT1G14030
AT1G53170,AT1G19740
AT1G53170,AT1G29320
AT1G53170,AT1G31360
AT1G53170,AT1G31835
AT1G53170,AT1G33415
AT1G53170,AT5G61350
AT1G53170,AT5G55580
AT1G53170,AT1G55810
AT1G53170,AT1G56130
AT1G53170,AT1G60080
AT1G53170,AT1G71490
AT1G53170,AT5G42630
AT1G53170,AT1G75340
AT1G53170,AT2G03050
AT1G53170,AT2G21900
AT1G53170,AT5G50240
AT1G53170,AT2G31920
AT1G53170,AT3G56090
AT1G53170,AT2G41950
AT1G53170,AT2G42640
AT1G53170,AT3G01910
AT1G53170,AT3G06530
AT1G53170,AT3G12980
AT1G53170,AT3G45880
AT1G53170,AT3G49410
AT1G53170,AT3G21755
AT1G53170,AT3G57630
AT1G53170,AT4G00895
AT1G53170,AT4G04940
AT1G53170,AT4G12600
AT1G53170,AT4G16710
AT1G53170,AT4G17760
AT1G53170,AT4G21150
AT1G53170,AT4G21990
AT1G53170,AT4G24250
AT1G53170,AT4G34120
AT1G53170,AT4G27490
AT1G53170,AT4G29380
AT1G53170,AT4G31150
AT1G53170,AT4G37380
AT1G53170,AT4G32350
AT1G53170,AT5G01175
AT1G53170,AT5G02820
AT1G53170,AT5G05600
AT1G53170,AT1G76960
AT1G53170,AT5G20920
AT1G53170,AT5G43870
AT1G53170,AT5G53860
AT1G53170,AT5G58210
AT1G53170,AT5G59070
AT1G53170,AT5G59750
AT1G53170,AT5G60730
AT1G53170,AT5G67300
AT5G64750,AT1G03070
AT5G64750,AT1G07820
AT5G64750,AT1G21528
AT5G64750,AT1G25682
AT5G64750,AT1G56180
AT5G64750,AT1G75210
AT5G64750,AT2G22250
AT5G64750,AT2G35050
AT5G64750,AT2G43190
AT5G64750,AT2G43210
AT5G64750,AT2G46860
AT5G64750,AT3G06570
AT5G64750,AT3G09660
AT5G64750,AT3G10680
AT5G64750,AT3G11120
AT5G64750,AT3G13420
AT5G64750,AT3G13870
AT5G64750,AT3G53570
AT5G64750,AT3G57570
AT5G64750,AT5G01175
AT5G64750,AT4G34090
AT5G64750,AT4G37040
AT5G64750,AT4G38160
AT5G64750,AT5G04870
AT5G64750,AT5G06120
AT5G64750,AT5G06290
AT5G64750,AT5G24640
AT5G64750,AT5G27390
AT5G64750,AT5G49700
AT5G64750,AT5G53010
AT5G64750,AT5G58240
AT5G64750,AT5G64750
AT2G24260,AT4G33890
AT2G24260,AT5G55390
AT2G24260,AT5G04090
AT2G24260,AT2G18090
AT2G24260,AT2G28250
AT2G24260,AT2G14170
AT2G24260,AT3G23670
AT2G24260,AT3G54440
AT2G24260,AT3G48260
AT2G24260,AT3G54760
AT2G24260,AT1G79090
AT2G24260,AT2G38025
AT2G24260,AT1G31420
AT2G24260,AT1G08570
AT2G24260,AT1G52510
AT2G24260,AT4G14290
AT2G24260,AT4G14300
AT2G24260,AT5G42290
AT2G24260,AT2G41312
AT2G24260,AT4G36620
AT2G24260,AT5G49430
AT2G24260,AT2G42260
AT2G24260,AT2G04270
AT2G24260,AT4G22950
AT2G24260,AT4G11880
AT2G24260,AT5G16150
AT2G24260,AT1G75460
AT2G24260,AT3G24929
AT2G24260,AT3G16000
AT2G24260,AT4G36930
AT2G24260,AT2G36895
AT2G24260,AT3G61470
AT2G24260,AT3G07030
AT2G24260,AT5G17530
AT2G24260,AT3G07255
AT2G24260,AT3G01990
AT2G24260,AT2G37280
AT2G24260,AT5G40240
AT2G24260,AT5G67410
AT2G24260,AT3G46920
AT2G24260,AT1G20870
AT2G24260,AT5G66080
AT2G24260,AT1G03840
AT2G24260,AT4G38260
AT2G24260,AT5G13730
AT2G24260,AT5G59580
AT2G24260,AT5G16800
AT2G24260,AT3G04370
AT2G24260,AT5G50360
AT2G24260,AT1G22380
AT2G24260,AT4G01575
AT5G25390,AT1G32630
AT5G25390,AT1G07119
AT5G25390,AT1G08840
AT5G25390,AT1G21610
AT5G25390,AT1G23280
AT5G25390,AT1G25145
AT5G25390,AT1G28070
AT5G25390,AT5G56900
AT5G25390,AT1G55810
AT5G25390,AT1G56180
AT5G25390,AT1G60080
AT5G25390,AT1G64940
AT5G25390,AT1G72510
AT5G25390,AT2G17970
AT5G25390,AT2G27402
AT5G25390,AT2G31870
AT5G25390,AT2G31920
AT5G25390,AT2G32090
AT5G25390,AT3G07215
AT5G25390,AT3G09650
AT5G25390,AT1G49150
AT5G25390,AT3G26360
AT5G25390,AT3G29360
AT5G25390,AT3G50130
AT5G25390,AT3G52230
AT5G25390,AT3G62800
AT5G25390,AT4G00895
AT5G25390,AT4G10350
AT5G25390,AT4G16710
AT5G25390,AT4G21150
AT5G25390,AT4G24250
AT5G25390,AT4G25070
AT5G25390,AT4G27490
AT5G25390,AT4G30845
AT5G25390,AT4G31150
AT5G25390,AT4G32350
AT5G25390,AT4G34120
AT5G25390,AT4G36110
AT5G25390,AT5G05670
AT5G25390,AT5G21050
AT5G25390,AT5G48390
AT5G25390,AT5G52780
AT5G25390,AT5G53860
AT5G25390,AT5G54600
AT5G25390,AT5G61350
AT5G25390,AT5G58250
AT5G25390,AT5G59070
AT5G25390,AT5G60590
AT5G25390,AT5G60730
AT5G25390,AT5G64490
AT5G25390,AT5G65260
AT5G25390,AT5G67190
AT2G40340,AT1G01940
AT2G40340,AT1G03070
AT2G40340,AT1G03940
AT2G40340,AT1G04945
AT2G40340,AT1G05600
AT2G40340,AT1G06960
AT2G40340,AT1G07320
AT2G40340,AT1G08410
AT2G40340,AT3G07050
AT2G40340,AT1G21528
AT2G40340,AT1G23410
AT2G40340,AT1G25240
AT2G40340,AT1G29395
AT2G40340,AT1G31800
AT2G40340,AT1G36070
AT2G40340,AT1G56190
AT2G40340,AT1G56180
AT2G40340,AT2G06520
AT2G40340,AT2G27400
AT2G40340,AT5G44574
AT2G40340,AT2G46860
AT2G40340,AT3G04350
AT2G40340,AT3G10060
AT2G40340,AT3G10680
AT2G40340,AT3G19970
AT2G40340,AT3G44400
AT2G40340,AT3G52140
AT2G40340,AT3G53570
AT2G40340,AT4G01026
AT2G40340,AT4G34090
AT2G40340,AT4G39710
AT2G40340,AT5G01175
AT2G40340,AT5G06120
AT2G40340,AT5G06290
AT2G40340,AT5G08470
AT2G40340,AT5G17370
AT2G40340,AT5G40500
AT2G40340,AT5G42770
AT2G40340,AT5G55970
AT2G40340,AT5G58240
AT1G30650,AT1G01650
AT1G30650,AT5G44585
AT1G30650,AT5G06190
AT1G30650,AT3G52105
AT1G30650,AT1G34750
AT1G30650,AT1G22500
AT1G30650,AT1G50060
AT1G30650,AT4G08620
AT1G30650,AT1G13000
AT1G30650,AT2G20880
AT1G30650,AT1G69520
AT1G30650,AT1G72200
AT1G30650,AT1G76900
AT1G30650,AT1G76970
AT1G30650,AT1G65486
AT1G30650,AT4G23550
AT1G30650,AT2G34930
AT1G30650,AT2G39518
AT1G30650,AT1G70140
AT1G30650,AT5G14020
AT1G30650,AT5G55130
AT1G30650,AT2G34470
AT1G30650,AT4G08980
AT1G30650,AT4G32260
AT1G30650,AT4G27852
AT1G30650,AT3G50070
AT1G30650,AT5G42800
AT1G30650,AT2G43760
AT1G30650,AT1G68050
AT1G30650,AT3G57645
AT1G30650,AT5G57230
AT4G01250,AT1G01650
AT4G01250,AT4G32360
AT4G01250,AT1G15540
AT4G01250,AT5G44585
AT4G01250,AT1G58808
AT4G01250,AT5G06190
AT4G01250,AT1G33840
AT4G01250,AT3G52105
AT4G01250,AT1G34750
AT4G01250,AT1G22500
AT4G01250,AT1G50060
AT4G01250,AT4G08620
AT4G01250,AT1G13000
AT4G01250,AT2G20880
AT4G01250,AT1G69520
AT4G01250,AT1G72200
AT4G01250,AT1G76970
AT4G01250,AT1G65486
AT4G01250,AT4G17520
AT4G01250,AT5G51180
AT4G01250,AT4G23550
AT4G01250,AT2G37820
AT4G01250,AT2G39518
AT4G01250,AT1G70140
AT4G01250,AT3G62080
AT4G01250,AT3G01760
AT4G01250,AT5G14020
AT4G01250,AT1G30540
AT4G01250,AT3G12020
AT4G01250,AT5G55130
AT4G01250,AT3G51350
AT4G01250,AT2G34470
AT4G01250,AT3G58620
AT4G01250,AT5G14220
AT4G01250,AT4G08980
AT4G01250,AT4G32260
AT4G01250,AT4G27852
AT4G01250,AT5G42800
AT4G01250,AT2G43760
AT4G01250,AT1G68050
AT4G01250,AT1G63740
AT4G01250,AT1G64380
AT4G01250,AT5G54860
AT4G01250,AT5G57230
AT4G18170,AT5G17820
AT4G18170,AT1G48370
AT4G18170,AT3G54050
AT4G18170,AT1G14970
AT4G18170,AT5G44780
AT4G18170,AT1G34370
AT4G18170,AT2G32700
AT4G18170,AT1G10920
AT4G18170,AT3G56410
AT4G18170,AT1G74170
AT4G18170,AT3G20935
AT4G18170,AT3G62830
AT4G18170,AT5G08310
AT4G18170,AT5G59290
AT4G18170,AT5G63180
AT4G18170,AT2G02860
AT4G18170,AT2G03590
AT4G18170,AT5G14030
AT4G18170,AT5G25440
AT4G18170,AT2G21550
AT4G18170,AT2G23320
AT4G18170,AT3G22820
AT4G18170,AT3G06140
AT4G18170,AT4G15070
AT4G18170,AT5G11630
AT4G18170,AT5G39850
AT4G18170,AT3G15240
AT4G18170,AT3G09960
AT4G18170,AT3G62120
AT4G18170,AT4G16563
AT4G18170,AT5G53050
AT4G18170,AT2G32610
AT4G18170,AT2G03810
AT4G18170,AT4G29170
AT4G18170,AT4G17600
AT4G18170,AT5G10830
AT4G18170,AT5G54700
AT5G07100,AT1G01650
AT5G07100,AT1G15540
AT5G07100,AT1G33840
AT5G07100,AT1G22500
AT5G07100,AT1G63740
AT5G07100,AT1G62262
AT5G07100,AT2G20880
AT5G07100,AT1G65486
AT5G07100,AT5G10470
AT5G07100,AT5G51180
AT5G07100,AT4G23550
AT5G07100,AT2G34470
AT5G07100,AT2G34930
AT5G07100,AT2G39518
AT5G07100,AT1G70140
AT5G07100,AT3G62080
AT5G07100,AT5G14020
AT5G07100,AT1G30540
AT5G07100,AT3G12020
AT5G07100,AT3G13330
AT5G07100,AT5G55130
AT5G07100,AT4G08980
AT5G07100,AT4G20000
AT5G07100,AT3G54750
AT5G07100,AT2G43760
AT5G07100,AT1G68050
AT5G07100,AT1G64380
AT5G07100,AT5G57230
AT4G31550,AT3G49540
AT4G31550,AT1G34370
AT4G31550,AT3G17070
AT4G31550,AT1G48370
AT4G31550,AT1G51800
AT4G31550,AT4G23190
AT4G31550,AT1G73970
AT4G31550,AT2G03590
AT4G31550,AT2G28200
AT4G31550,AT2G37790
AT4G31550,AT3G06140
AT4G31550,AT5G39850
AT4G31550,AT3G51360
AT4G31550,AT1G10920
AT4G31550,AT4G16563
AT4G31550,AT5G53050
AT4G31550,AT4G17600
AT4G31550,AT5G08310
AT4G31550,AT5G17820
AT1G80840,AT1G15530
AT1G80840,AT2G30570
AT1G80840,AT1G50520
AT1G80840,AT2G05180
AT1G80840,AT1G74170
AT1G80840,AT2G03590
AT1G80840,AT2G06025
AT1G80840,AT2G23320
AT1G80840,AT2G25290
AT1G80840,AT2G43620
AT1G80840,AT2G47550
AT1G80840,AT5G39850
AT1G80840,AT3G13175
AT1G80840,AT3G15240
AT1G80840,AT3G59320
AT1G80840,AT2G03760
AT1G80840,AT3G62830
AT1G80840,AT4G16563
AT1G80840,AT4G29170
AT1G80840,AT4G17600
AT1G80840,AT5G08310
AT1G80840,AT5G17820
AT1G80840,AT5G44400
AT1G80840,AT5G54700
AT2G21900,AT5G20660
AT2G21900,AT5G12130
AT2G21900,AT1G51860
AT2G21900,AT5G49020
AT2G21900,AT3G57940
AT2G21900,AT4G38480
AT2G21900,AT3G59300
AT2G21900,AT1G60010
AT2G21900,AT4G23550
AT2G21900,AT4G12020
AT2G21900,AT3G03780
AT2G21900,AT1G14820
AT2G21900,AT1G12750
AT2G21900,AT2G43760
AT2G21900,AT4G25380
AT2G21900,AT3G58620
AT2G21900,AT5G40860
AT2G21900,AT2G15730
AT2G21900,AT3G20935
AT2G21900,AT1G30540
AT2G21900,AT3G28030
AT2G21900,AT3G12020
AT2G21900,AT3G54950
AT2G21900,AT5G44730
AT2G21900,AT4G32360
AT2G21900,AT1G26130
AT2G21900,AT5G10745
AT2G21900,AT4G25880
AT2G21900,AT2G33120
AT2G21900,AT5G55130
AT2G21900,AT2G37920
AT2G21900,AT4G08980
AT2G21900,AT4G10710
AT2G21900,AT5G62460
AT2G21900,AT3G58850
AT5G46830,AT1G01650
AT5G46830,AT3G05270
AT5G46830,AT1G60505
AT5G46830,AT4G28140
AT5G46830,AT5G15410
AT5G46830,AT5G35550
AT5G46830,AT3G56408
AT2G25000,AT3G25440
AT2G25000,AT2G30100
AT2G25000,AT5G01700
AT2G25000,AT3G08810
AT2G25000,AT5G04740
AT2G25000,AT3G13870
AT2G25000,AT5G55920
AT2G25000,AT5G25910
AT2G25000,AT5G47710
AT2G25000,AT2G02960
AT2G25000,AT3G13330
AT2G25000,AT5G11970
AT2G25000,AT3G27416
AT2G25000,AT4G14480
AT2G25000,AT1G25682
AT2G25000,AT4G34150
AT2G25000,AT1G18200
AT2G25000,AT5G09980
AT2G25000,AT2G47700
AT2G25000,AT3G01202
AT3G50260,AT1G03840
AT3G50260,AT1G05860
AT3G50260,AT1G08840
AT3G50260,AT1G25145
AT3G50260,AT5G61350
AT3G50260,AT1G56600
AT3G50260,AT1G70710
AT3G50260,AT5G18190
AT3G50260,AT1G74370
AT3G50260,AT1G76320
AT3G50260,AT1G76960
AT3G50260,AT5G42630
AT3G50260,AT2G31920
AT3G50260,AT2G35930
AT3G50260,AT2G39230
AT3G50260,AT2G42320
AT3G50260,AT3G01930
AT3G50260,AT3G05858
AT3G50260,AT3G23090
AT3G50260,AT3G57780
AT3G50260,AT4G13110
AT3G50260,AT3G22980
AT3G50260,AT4G21150
AT3G50260,AT4G24250
AT3G50260,AT4G28140
AT3G50260,AT4G28800
AT3G50260,AT4G30845
AT3G50260,AT4G32350
AT3G50260,AT4G33467
AT3G50260,AT4G37380
AT3G50260,AT5G01175
AT3G50260,AT5G23120
AT3G50260,AT5G24340
AT3G50260,AT5G27390
AT3G50260,AT5G44160
AT3G50260,AT5G44530
AT3G50260,AT3G21755
AT3G50260,AT5G57700
AT3G50260,AT5G58140
AT3G50260,AT5G59070
AT3G50260,AT5G59750
AT3G50260,AT5G67300
AT1G59640,AT1G03620
AT1G59640,AT1G07500
AT1G59640,AT1G11840
AT1G59640,AT1G11960
AT1G59640,AT1G13245
AT1G59640,AT1G14345
AT1G59640,AT1G15290
AT1G59640,AT1G17220
AT1G59640,AT1G18460
AT1G59640,AT1G19000
AT1G59640,AT1G19660
AT1G59640,AT1G21440
AT1G59640,AT1G21920
AT1G59640,AT1G24580
AT1G59640,AT1G27600
AT1G59640,AT1G31420
AT1G59640,AT1G35430
AT1G59640,AT1G48430
AT1G59640,AT1G49450
AT1G59640,AT1G51400
AT1G59640,AT1G52220
AT1G59640,AT1G52720
AT1G59640,AT1G53560
AT1G59640,AT1G53670
AT1G59640,AT1G54500
AT1G59640,AT1G60790
AT1G59640,AT1G61340
AT1G59640,AT1G69480
AT1G59640,AT1G74840
AT1G59640,AT1G76240
AT1G59640,AT1G79040
AT1G59640,AT2G04350
AT1G59640,AT2G21300
AT1G59640,AT2G23348
AT1G59640,AT2G24420
AT1G59640,AT2G28490
AT1G59640,AT2G34620
AT1G59640,AT2G36270
AT1G59640,AT2G37750
AT1G59640,AT2G43480
AT1G59640,AT2G46700
AT1G59640,AT2G46790
AT1G59640,AT2G47770
AT1G59640,AT3G01510
AT1G59640,AT3G06125
AT1G59640,AT3G07390
AT1G59640,AT3G11930
AT1G59640,AT3G12320
AT1G59640,AT3G14590
AT1G59640,AT3G16140
AT1G59640,AT3G17770
AT1G59640,AT3G17860
AT1G59640,AT3G21055
AT1G59640,AT3G21870
AT1G59640,AT3G23220
AT1G59640,AT3G24840
AT1G59640,AT3G47340
AT1G59640,AT3G48510
AT1G59640,AT3G48990
AT1G59640,AT3G50750
AT1G59640,AT3G51510
AT1G59640,AT3G51670
AT1G59640,AT3G53000
AT1G59640,AT3G53670
AT1G59640,AT3G54500
AT1G59640,AT3G54960
AT1G59640,AT3G56940
AT1G59640,AT3G57520
AT1G59640,AT3G60910
AT1G59640,AT3G61470
AT1G59640,AT3G62590
AT1G59640,AT4G00490
AT1G59640,AT4G02430
AT1G59640,AT4G05180
AT1G59640,AT4G16160
AT1G59640,AT4G16370
AT1G59640,AT4G17560
AT1G59640,AT4G18520
AT1G59640,AT4G22890
AT1G59640,AT4G24480
AT1G59640,AT4G25670
AT1G59640,AT4G26890
AT1G59640,AT4G28290
AT1G59640,AT4G28660
AT1G59640,AT4G33467
AT1G59640,AT4G33890
AT1G59640,AT4G35590
AT1G59640,AT4G37480
AT1G59640,AT4G40010
AT1G59640,AT5G01520
AT1G59640,AT5G04885
AT1G59640,AT5G05270
AT1G59640,AT5G05965
AT1G59640,AT5G10740
AT1G59640,AT5G10745
AT1G59640,AT5G12840
AT1G59640,AT5G15190
AT1G59640,AT5G15650
AT1G59640,AT5G15845
AT1G59640,AT5G16800
AT1G59640,AT5G17300
AT1G59640,AT5G38520
AT1G59640,AT5G47900
AT1G59640,AT5G50100
AT1G59640,AT5G51460
AT1G59640,AT5G57610
AT1G59640,AT5G58600
AT1G59640,AT5G61530
AT1G59640,AT5G64940
AT5G08130,AT1G03620
AT5G08130,AT1G06570
AT5G08130,AT1G07740
AT5G08130,AT1G12800
AT5G08130,AT1G15750
AT5G08130,AT1G35430
AT5G08130,AT1G18460
AT5G08130,AT1G22180
AT5G08130,AT1G30300
AT5G08130,AT1G31420
AT5G08130,AT1G34630
AT5G08130,AT1G47990
AT5G08130,AT1G48100
AT5G08130,AT1G48430
AT5G08130,AT1G52400
AT5G08130,AT1G60430
AT5G08130,AT3G16000
AT5G08130,AT1G60790
AT5G08130,AT1G72820
AT5G08130,AT1G74310
AT5G08130,AT3G51370
AT5G08130,AT1G79060
AT5G08130,AT1G79090
AT5G08130,AT1G79660
AT5G08130,AT2G23348
AT5G08130,AT2G28490
AT5G08130,AT2G37750
AT5G08130,AT2G38820
AT5G08130,AT2G42640
AT5G08130,AT2G43180
AT5G08130,AT2G43190
AT5G08130,AT2G46790
AT5G08130,AT2G47460
AT5G08130,AT4G36620
AT5G08130,AT3G16050
AT5G08130,AT3G05630
AT5G08130,AT3G24929
AT5G08130,AT3G45230
AT5G08130,AT3G51510
AT5G08130,AT3G51670
AT5G08130,AT3G52310
AT5G08130,AT3G53210
AT5G08130,AT3G54500
AT5G08130,AT5G57015
AT5G08130,AT3G58640
AT5G08130,AT3G60340
AT5G08130,AT3G61470
AT5G08130,AT3G62590
AT5G08130,AT4G00080
AT5G08130,AT4G00310
AT5G08130,AT4G02430
AT5G08130,AT4G03420
AT5G08130,AT1G72990
AT5G08130,AT4G13940
AT5G08130,AT4G14660
AT5G08130,AT3G18040
AT5G08130,AT4G18240
AT5G08130,AT4G18950
AT5G08130,AT4G25470
AT5G08130,AT4G21926
AT5G08130,AT4G34410
AT5G08130,AT4G35000
AT5G08130,AT4G35590
AT5G08130,AT4G37480
AT5G08130,AT4G39800
AT5G08130,AT5G18190
AT5G08130,AT5G26600
AT5G08130,AT5G47900
AT5G08130,AT5G48385
AT5G08130,AT5G49430
AT5G08130,AT5G58770
AT5G08130,AT5G53290
AT5G08130,AT5G54930
AT5G08130,AT1G59950
AT5G08130,AT5G60590
AT5G08130,AT5G61530
AT5G08130,AT5G63180
AT5G08130,AT5G66580
AT5G25190,AT1G03070
AT5G25190,AT1G04945
AT5G25190,AT1G07000
AT5G25190,AT1G15530
AT5G25190,AT4G09695
AT5G25190,AT1G21528
AT5G25190,AT1G23410
AT5G25190,AT1G25240
AT5G25190,AT1G29250
AT5G25190,AT1G29390
AT5G25190,AT1G36070
AT5G25190,AT1G56190
AT5G25190,AT1G56180
AT5G25190,AT1G73910
AT5G25190,AT2G07715
AT5G25190,AT2G22250
AT5G25190,AT2G23348
AT5G25190,AT5G55740
AT5G25190,AT2G35050
AT5G25190,AT2G43190
AT5G25190,AT2G44090
AT5G25190,AT2G46240
AT5G25190,AT2G46610
AT5G25190,AT2G46860
AT5G25190,AT3G04350
AT5G25190,AT3G09660
AT5G25190,AT3G10680
AT5G25190,AT3G44400
AT5G25190,AT3G49400
AT5G25190,AT3G52140
AT5G25190,AT3G53570
AT5G25190,AT3G53650
AT5G25190,AT3G57570
AT5G25190,AT3G63480
AT5G25190,AT4G03540
AT5G25190,AT4G25300
AT5G25190,AT5G01175
AT5G25190,AT5G06120
AT5G25190,AT5G06290
AT5G25190,AT5G18660
AT5G25190,AT5G24640
AT5G25190,AT5G28750
AT5G25190,AT5G40500
AT5G25190,AT5G42110
AT5G25190,AT5G42770
AT5G25190,AT5G45040
AT5G25190,AT5G50360
AT5G25190,AT5G53010
AT5G25190,AT5G58240
AT5G25190,AT5G60610
AT5G65130,AT1G03840
AT5G65130,AT1G04635
AT5G65130,AT1G08840
AT5G65130,AT1G10370
AT5G65130,AT1G32630
AT5G65130,AT5G54600
AT5G65130,AT1G12800
AT5G65130,AT1G15290
AT5G65130,AT1G15820
AT5G65130,AT1G16730
AT5G65130,AT1G19740
AT5G65130,AT1G21610
AT5G65130,AT1G25145
AT5G65130,AT1G33415
AT5G65130,AT5G61350
AT5G65130,AT1G55810
AT5G65130,AT1G60080
AT5G65130,AT1G71000
AT5G65130,AT4G14870
AT5G65130,AT5G27390
AT5G65130,AT3G21755
AT5G65130,AT1G76960
AT5G65130,AT2G01760
AT5G65130,AT1G64940
AT5G65130,AT4G35685
AT5G65130,AT2G28900
AT5G65130,AT2G31920
AT5G65130,AT5G48390
AT5G65130,AT3G52070
AT5G65130,AT2G41950
AT5G65130,AT2G43870
AT5G65130,AT3G01930
AT5G65130,AT3G18040
AT5G65130,AT3G05858
AT5G65130,AT3G06530
AT5G65130,AT1G27470
AT5G65130,AT3G07215
AT5G65130,AT3G09730
AT5G65130,AT4G37520
AT5G65130,AT3G62800
AT5G65130,AT4G16710
AT5G65130,AT3G22980
AT5G65130,AT4G21150
AT5G65130,AT4G24250
AT5G65130,AT4G32350
AT5G65130,AT4G27050
AT5G65130,AT4G28800
AT5G65130,AT4G30845
AT5G65130,AT4G31150
AT5G65130,AT4G32900
AT5G65130,AT4G33467
AT5G65130,AT4G36110
AT5G65130,AT4G36810
AT5G65130,AT4G37380
AT5G65130,AT4G38260
AT5G65130,AT1G12750
AT5G65130,AT5G06980
AT5G65130,AT5G18550
AT5G65130,AT5G23120
AT5G65130,AT5G44160
AT5G65130,AT5G53860
AT5G65130,AT5G58140
AT5G65130,AT5G58250
AT5G65130,AT5G59070
AT5G65130,AT5G59750
AT5G65130,AT5G67190
AT5G65130,AT5G67300
AT1G21910,AT1G05860
AT1G21910,AT1G08840
AT1G21910,AT1G12845
AT1G21910,AT1G70710
AT1G21910,AT2G01450
AT1G21910,AT2G31920
AT1G21910,AT2G35930
AT1G21910,AT2G42320
AT1G21910,AT2G47070
AT1G21910,AT2G47180
AT1G21910,AT3G01930
AT1G21910,AT3G23090
AT1G21910,AT3G53620
AT1G21910,AT3G57780
AT1G21910,AT3G58110
AT1G21910,AT4G01520
AT1G21910,AT4G03430
AT1G21910,AT4G08980
AT1G21910,AT4G17140
AT1G21910,AT4G21150
AT1G21910,AT4G24250
AT1G21910,AT4G28800
AT1G21910,AT4G31150
AT1G21910,AT4G33467
AT1G21910,AT5G01175
AT1G21910,AT5G07890
AT1G21910,AT5G24340
AT1G21910,AT5G27390
AT1G21910,AT5G44160
AT1G21910,AT5G48760
AT1G21910,AT5G51260
AT1G21910,AT5G58140
AT1G21910,AT5G59070
AT1G21910,AT5G60730
AT1G21910,AT5G67300
AT4G28140,AT1G01940
AT4G28140,AT1G20060
AT4G28140,AT1G21528
AT4G28140,AT1G24996
AT4G28140,AT1G79790
AT4G28140,AT2G02860
AT4G28140,AT2G17972
AT4G28140,AT2G46240
AT4G28140,AT2G46860
AT4G28140,AT2G47140
AT4G28140,AT3G03020
AT4G28140,AT3G04350
AT4G28140,AT3G05250
AT4G28140,AT3G06480
AT4G28140,AT3G44190
AT4G28140,AT3G51075
AT4G28140,AT3G57570
AT4G28140,AT4G35720
AT4G28140,AT5G03770
AT4G28140,AT5G06120
AT4G28140,AT5G07900
AT4G28140,AT5G14050
AT4G28140,AT5G27390
AT4G28140,AT5G40500
AT4G28140,AT5G51120
AT4G28140,AT5G53850
AT4G28140,AT5G54860
AT4G28140,AT2G45930
AT5G22570,AT1G76560
AT5G22570,AT5G55130
AT5G22570,AT3G10020
AT5G22570,AT5G47700
AT5G22570,AT1G29530
AT5G22570,AT3G28550
AT5G22570,AT5G66270
AT5G22570,AT4G26700
AT5G22570,AT4G23740
AT5G22570,AT3G12250
AT5G22570,AT5G18660
AT5G22570,AT5G57010
AT5G22570,AT4G21150
AT5G22570,AT4G23460
AT5G22570,AT1G72280
AT5G22570,AT3G01850
AT5G22570,AT5G66630
AT5G22570,AT5G14050
AT5G22570,AT1G77630
AT1G66600,AT3G25440
AT1G66600,AT2G39400
AT1G74930,AT3G12980
AT1G74930,AT3G13870
AT1G74930,AT5G47430
AT1G74930,AT2G27720
AT1G74930,AT4G28260
AT1G74930,AT5G30495
AT1G74930,AT1G04080
AT1G74930,AT5G60680
AT1G74930,AT5G23120
AT1G74930,AT5G54110
AT1G74930,AT5G41150
AT1G74930,AT3G01510
AT1G74930,AT4G25670
AT1G74930,AT1G73020
AT1G74930,AT2G45950
AT1G74930,AT1G76320
AT1G74930,AT3G53040
AT1G74930,AT4G11890
AT1G74930,AT5G67090
AT1G74930,AT2G20950
AT1G74930,AT5G28830
AT1G74930,AT4G18650
AT1G74930,AT1G21560
AT1G74930,AT3G19720
AT1G74930,AT5G20790
AT1G74930,AT5G56880
AT1G78080,AT3G12980
AT1G78080,AT3G13870
AT1G78080,AT1G74370
AT1G78080,AT1G70000
AT1G78080,AT5G28830
AT1G78080,AT5G30495
AT1G78080,AT5G25250
AT1G78080,AT1G04080
AT1G78080,AT5G60680
AT1G78080,AT2G24500
AT1G78080,AT4G27070
AT1G78080,AT3G23600
AT1G78080,AT3G01510
AT1G78080,AT1G62200
AT1G78080,AT1G76320
AT1G78080,AT4G28260
AT1G78080,AT1G70140
AT1G78080,AT3G53040
AT1G78080,AT3G57062
AT1G78080,AT2G06002
AT1G78080,AT4G11890
AT1G78080,AT1G43910
AT1G78080,AT3G62800
AT1G78080,AT4G05390
AT1G78080,AT1G21560
AT1G78080,AT5G56880
AT1G29860,AT5G12130
AT1G29860,AT3G62080
AT1G29860,AT4G33540
AT1G29860,AT2G45500
AT1G29860,AT1G30540
AT1G29860,AT3G12050
AT1G29860,AT1G67490
AT1G29860,AT4G08620
AT1G29860,AT1G03290
AT1G29860,AT3G12020
AT1G29860,AT1G78240
AT1G29860,AT5G58720
AT1G29860,AT3G58620
AT1G29860,AT1G70140
AT1G29860,AT5G55130
AT1G29860,AT3G09400
AT1G29860,AT1G14820
AT1G29860,AT2G30840
AT1G29860,AT1G51860
AT1G29860,AT4G12020
AT1G29860,AT3G06880
AT1G29860,AT4G25880
AT1G29860,AT4G32360
AT1G29860,AT4G30640
AT1G29860,AT4G08980
AT2G03340,AT5G12130
AT2G03340,AT3G17920
AT2G03340,AT4G33540
AT2G03340,AT2G45500
AT2G03340,AT1G30540
AT2G03340,AT3G12050
AT2G03340,AT2G30840
AT2G03340,AT4G08620
AT2G03340,AT1G25682
AT2G03340,AT3G12020
AT2G03340,AT1G78240
AT2G03340,AT5G58720
AT2G03340,AT1G65486
AT2G03340,AT1G70140
AT2G03340,AT5G55130
AT2G03340,AT1G14820
AT2G03340,AT3G49410
AT2G03340,AT1G51860
AT2G03340,AT3G07320
AT2G03340,AT4G12020
AT2G03340,AT4G32360
AT2G03340,AT5G14220
AT2G03340,AT4G20000
AT2G03340,AT1G56300
AT2G03340,AT4G36105
AT2G03340,AT3G25510
AT2G03340,AT5G54170
AT2G23320,AT5G12130
AT2G23320,AT4G33540
AT2G23320,AT2G45500
AT2G23320,AT1G30540
AT2G23320,AT3G12050
AT2G23320,AT2G30840
AT2G23320,AT1G67490
AT2G23320,AT4G08620
AT2G23320,AT1G25682
AT2G23320,AT1G78240
AT2G23320,AT5G58720
AT2G23320,AT3G58620
AT2G23320,AT1G65486
AT2G23320,AT1G70140
AT2G23320,AT5G55130
AT2G23320,AT1G14820
AT2G23320,AT3G09400
AT2G23320,AT3G12020
AT2G23320,AT1G51860
AT2G23320,AT4G12020
AT2G23320,AT4G32360
AT2G23320,AT2G45670
AT2G23320,AT4G00620
AT2G23320,AT5G14220
AT2G23320,AT3G57645
AT2G23320,AT4G30640
AT2G23320,AT4G08980
AT2G30250,AT5G12130
AT2G30250,AT3G17920
AT2G30250,AT4G33540
AT2G30250,AT1G70140
AT2G30250,AT1G25682
AT2G30250,AT5G58720
AT2G30250,AT3G54750
AT2G30250,AT1G65486
AT2G30250,AT5G55130
AT2G30250,AT1G14820
AT2G30250,AT3G49410
AT2G30250,AT2G45670
AT2G30250,AT1G80130
AT2G30250,AT1G51860
AT2G30250,AT3G07320
AT2G30250,AT4G20000
AT2G30250,AT4G32360
AT2G30250,AT4G00620
AT2G30250,AT5G14220
AT2G30250,AT1G56300
AT2G30250,AT2G28760
AT2G30250,AT4G36105
AT2G30250,AT4G12020
AT2G30250,AT4G08980
AT2G38470,AT5G12130
AT2G38470,AT3G17920
AT2G38470,AT4G33540
AT2G38470,AT2G45500
AT2G38470,AT1G30540
AT2G38470,AT2G30840
AT2G38470,AT1G67490
AT2G38470,AT4G08620
AT2G38470,AT1G25682
AT2G38470,AT1G78240
AT2G38470,AT5G58720
AT2G38470,AT1G65486
AT2G38470,AT1G70140
AT2G38470,AT5G55130
AT2G38470,AT1G14820
AT2G38470,AT3G12020
AT2G38470,AT1G51860
AT2G38470,AT4G12020
AT2G38470,AT4G20000
AT2G38470,AT4G32360
AT2G38470,AT2G45670
AT2G38470,AT1G56300
AT2G38470,AT4G36105
AT2G38470,AT5G54170
AT4G23550,AT5G12130
AT4G23550,AT4G33540
AT4G23550,AT2G45500
AT4G23550,AT1G30540
AT4G23550,AT3G12050
AT4G23550,AT2G30840
AT4G23550,AT1G67490
AT4G23550,AT5G19210
AT4G23550,AT4G08620
AT4G23550,AT3G12020
AT4G23550,AT1G78240
AT4G23550,AT5G58720
AT4G23550,AT4G08980
AT4G23550,AT1G70140
AT4G23550,AT5G55130
AT4G23550,AT1G14820
AT4G23550,AT3G09400
AT4G23550,AT3G01760
AT4G23550,AT1G51860
AT4G23550,AT4G12020
AT4G23550,AT4G32360
AT4G23550,AT3G06880
AT4G23550,AT1G65486
AT4G23550,AT3G57645
AT4G23550,AT4G00620
AT4G23550,AT4G30640
AT4G23550,AT1G65481
AT3G23240,AT1G04635
AT3G23240,AT1G15820
AT3G23240,AT1G16730
AT3G23240,AT1G31835
AT3G23240,AT1G49975
AT3G23240,AT1G55810
AT3G23240,AT1G75340
AT3G23240,AT2G14530
AT3G23240,AT2G31800
AT3G23240,AT3G04720
AT3G23240,AT3G18740
AT3G23240,AT3G22100
AT3G23240,AT3G45880
AT3G23240,AT3G62800
AT3G23240,AT4G04790
AT3G23240,AT4G27490
AT3G23240,AT5G01175
AT3G23240,AT5G05670
AT3G23240,AT5G08040
AT3G23240,AT5G19890
AT3G23240,AT5G49840
AT3G23240,AT5G53460
AT3G59060,AT4G33990
AT3G59060,AT5G04090
AT5G38860,AT1G02840
AT5G38860,AT1G03630
AT5G38860,AT1G08170
AT5G38860,AT1G08450
AT5G38860,AT1G15750
AT5G38860,AT1G16730
AT5G38860,AT1G16850
AT5G38860,AT1G21920
AT5G38860,AT1G22180
AT5G38860,AT1G30300
AT5G38860,AT1G31420
AT5G38860,AT1G50450
AT5G38860,AT1G52450
AT5G38860,AT1G52510
AT5G38860,AT1G60600
AT5G38860,AT1G69480
AT5G38860,AT1G70090
AT5G38860,AT1G72820
AT5G38860,AT1G75190
AT5G38860,AT1G79660
AT5G38860,AT2G01430
AT5G38860,AT2G04270
AT5G38860,AT2G20610
AT5G38860,AT2G23348
AT5G38860,AT2G25460
AT5G38860,AT2G28490
AT5G38860,AT2G36270
AT5G38860,AT2G38025
AT5G38860,AT2G42260
AT5G38860,AT2G42640
AT5G38860,AT2G47920
AT5G38860,AT3G01990
AT5G38860,AT3G02550
AT5G38860,AT3G04240
AT5G38860,AT3G08500
AT5G38860,AT3G16000
AT5G38860,AT3G46920
AT5G38860,AT3G48990
AT5G38860,AT3G50750
AT5G38860,AT3G51830
AT5G38860,AT3G53470
AT5G38860,AT3G54500
AT5G38860,AT3G56010
AT5G38860,AT3G57880
AT5G38860,AT3G62260
AT5G38860,AT3G63160
AT5G38860,AT4G00310
AT5G38860,AT4G16370
AT5G38860,AT4G18240
AT5G38860,AT4G18370
AT5G38860,AT4G25140
AT5G38860,AT4G36930
AT5G38860,AT4G37480
AT5G38860,AT4G38950
AT5G38860,AT5G03204
AT5G38860,AT5G05250
AT5G38860,AT5G05660
AT5G38860,AT5G05965
AT5G38860,AT5G12840
AT5G38860,AT5G16800
AT5G38860,AT5G26600
AT5G38860,AT5G47900
AT5G38860,AT5G48655
AT5G38860,AT5G49430
AT5G38860,AT5G54930
AT5G38860,AT5G57015
AT5G38860,AT5G59430
AT5G38860,AT5G60590
AT5G38860,AT5G66620
AT2G44840,AT1G02860
AT2G44840,AT1G04635
AT2G44840,AT1G06160
AT2G44840,AT1G19740
AT2G44840,AT1G28370
AT2G44840,AT1G31835
AT2G44840,AT1G60850
AT2G44840,AT1G64160
AT2G44840,AT1G75340
AT2G44840,AT2G21960
AT2G44840,AT2G23760
AT2G44840,AT2G24500
AT2G44840,AT2G30870
AT2G44840,AT2G31800
AT2G44840,AT3G04720
AT2G44840,AT5G55580
AT2G44840,AT3G22100
AT2G44840,AT3G58480
AT2G44840,AT4G04790
AT2G44840,AT4G17760
AT2G44840,AT5G07100
AT2G44840,AT5G08040
AT2G44840,AT5G09690
AT2G44840,AT4G19020
AT2G44840,AT5G48240
AT2G44840,AT5G53460
AT2G44840,AT5G54940
AT2G44840,AT5G55620
AT2G44840,AT5G57510
AT2G44840,AT5G59070
AT2G44840,AT5G61770
AT2G44840,AT5G63440
AT3G09600,AT3G01380
AT3G09600,AT4G24470
AT3G09600,AT1G01550
AT3G09600,AT3G01540
AT3G09600,AT5G62300
AT3G09600,AT3G55070
AT3G09600,AT3G57390
AT3G09600,AT1G78070
AT3G09600,AT4G39260
AT3G09600,AT1G14685
AT3G09600,AT4G33300
AT5G17300,AT5G33290
AT5G17300,AT1G69587
AT5G17300,AT5G07450
AT5G17300,AT4G30650
AT5G17300,AT1G65481
AT5G17300,AT1G65700
AT5G17300,AT5G62310
AT5G17300,AT1G71000
AT5G17300,AT1G02820
AT5G17300,AT3G12570
AT5G17300,AT1G72070
AT5G17300,AT5G26040
AT5G17300,AT5G28080
AT5G17300,AT1G48700
AT5G17300,AT1G45474
AT5G17300,AT1G10760
AT5G17300,AT1G23540
AT5G17300,AT2G14060
AT5G17300,AT3G09540
AT5G17300,AT3G27809
AT5G17300,AT4G27310
AT5G17300,AT1G30135
AT5G17300,AT3G44860
AT5G17300,AT5G15190
AT5G17300,AT5G61590
AT1G12630,AT1G12500
AT1G12630,AT1G31360
AT1G12630,AT1G76960
AT1G12630,AT2G25737
AT1G12630,AT2G35930
AT1G12630,AT2G41870
AT1G12630,AT2G42320
AT1G12630,AT2G42520
AT1G12630,AT2G45460
AT1G12630,AT2G47070
AT1G12630,AT3G01930
AT1G12630,AT3G12490
AT1G12630,AT3G15370
AT1G12630,AT3G62800
AT1G12630,AT4G08980
AT1G12630,AT4G13110
AT1G12630,AT4G17760
AT1G12630,AT4G21150
AT1G12630,AT5G01175
AT1G12630,AT5G07890
AT1G12630,AT5G53860
AT1G12630,AT5G59070
AT4G34410,AT1G08500
AT4G34410,AT1G13800
AT4G34410,AT1G52890
AT4G34410,AT1G53780
AT4G34410,AT1G56180
AT4G34410,AT2G22250
AT4G34410,AT2G47090
AT4G34410,AT3G09660
AT4G34410,AT3G10680
AT4G34410,AT3G26630
AT4G34410,AT3G55720
AT4G34410,AT3G56860
AT4G34410,AT3G57570
AT4G34410,AT3G60900
AT4G34410,AT3G63400
AT4G34410,AT4G34090
AT4G34410,AT5G06120
AT4G34410,AT5G15190
AT4G34410,AT5G27390
AT4G34410,AT5G42770
AT4G34410,AT1G10320
AT4G34410,AT5G49700
AT1G09530,AT3G27950
AT1G09530,AT5G04090
AT1G09530,AT3G27210
AT1G09530,AT3G48260
AT1G09530,AT3G54760
AT1G09530,AT2G02410
AT1G09530,AT2G14170
AT1G09530,AT2G18090
AT1G09530,AT4G24100
AT1G09530,AT1G25375
AT1G09530,AT4G25450
AT1G09530,AT1G30300
AT1G09530,AT5G04460
AT1G09530,AT3G32030
AT1G09530,AT1G50440
AT1G09530,AT1G56180
AT1G09530,AT1G11720
AT1G09530,AT3G46930
AT1G09530,AT3G59730
AT1G09530,AT1G64640
AT1G09530,AT2G38025
AT1G09530,AT3G13870
AT1G09530,AT1G14345
AT1G09530,AT3G53040
AT1G09530,AT5G65090
AT1G09530,AT5G49430
AT1G09530,AT4G28240
AT1G09530,AT2G36895
AT1G09530,AT2G45170
AT1G09530,AT2G46790
AT1G09530,AT4G23910
AT1G09530,AT5G11420
AT1G09530,AT5G42290
AT1G09530,AT2G46910
AT1G09530,AT1G18460
AT1G09530,AT3G12600
AT1G09530,AT2G33800
AT1G09530,AT3G16000
AT1G09530,AT3G61470
AT1G09530,AT4G12790
AT1G09530,AT3G57470
AT1G09530,AT2G36960
AT4G36900,AT2G01420
AT4G36900,AT5G09690
AT4G36900,AT3G53270
AT4G36900,AT3G18740
AT4G36900,AT1G13390
AT4G36900,AT4G25710
AT4G36900,AT3G45880
AT4G36900,AT5G48240
AT4G36900,AT4G35450
AT4G36900,AT5G58980
AT4G36900,AT2G43410
AT4G36900,AT3G27930
AT4G36900,AT2G41180
AT4G36900,AT1G21610
AT4G36900,AT2G36990
AT4G36900,AT1G01100
AT4G36900,AT5G53300
AT4G36900,AT1G78790
AT4G36900,AT3G14080
AT4G36900,AT5G10710
AT4G36900,AT5G65740
AT4G36900,AT4G31530
AT4G36900,AT5G38220
AT4G36900,AT2G33240
AT4G36900,AT3G23600
AT4G36900,AT2G17670
AT4G36900,AT1G60200
AT4G36900,AT1G06320
AT4G36900,AT5G01175
AT4G36900,AT3G01065
AT4G36900,AT5G20920
AT4G36900,AT1G25375
AT4G36900,AT3G14120
AT4G36900,AT5G47690
AT1G36060,AT1G29290
AT1G36060,AT5G22680
AT1G36060,AT1G61340
AT1G36060,AT4G24370
AT1G36060,AT1G79790
AT1G36060,AT1G74950
AT1G36060,AT2G02860
AT1G36060,AT2G20370
AT1G36060,AT2G26690
AT1G36060,AT2G38360
AT1G36060,AT1G71850
AT1G36060,AT3G10060
AT1G36060,AT3G10680
AT1G36060,AT3G13870
AT1G36060,AT3G25900
AT1G36060,AT4G16520
AT1G36060,AT4G03540
AT1G36060,AT4G06746
AT1G36060,AT4G18030
AT1G36060,AT4G25520
AT1G36060,AT4G33220
AT1G36060,AT4G35720
AT1G36060,AT5G01175
AT1G36060,AT5G15070
AT1G36060,AT1G56180
AT1G36060,AT5G16650
AT1G36060,AT1G52710
AT5G67190,AT1G05860
AT5G67190,AT1G08840
AT5G67190,AT1G25145
AT5G67190,AT5G61350
AT5G67190,AT5G18190
AT5G67190,AT1G74370
AT5G67190,AT1G76320
AT5G67190,AT1G76960
AT5G67190,AT5G42630
AT5G67190,AT2G31920
AT5G67190,AT2G35930
AT5G67190,AT2G42320
AT5G67190,AT2G45460
AT5G67190,AT3G01930
AT5G67190,AT3G23090
AT5G67190,AT3G57780
AT5G67190,AT4G08980
AT5G67190,AT4G13110
AT5G67190,AT4G21150
AT5G67190,AT4G24250
AT5G67190,AT4G28140
AT5G67190,AT4G33467
AT5G67190,AT5G01175
AT5G67190,AT5G24340
AT5G67190,AT5G27390
AT5G67190,AT5G44160
AT5G67190,AT3G21755
AT5G67190,AT5G58140
AT5G67190,AT5G59070
AT5G67190,AT5G60590
AT5G67190,AT5G67300
AT4G26640,AT1G03410
AT4G26640,AT1G11925
AT4G26640,AT3G20935
AT4G26640,AT1G72280
AT4G26640,AT2G01990
AT4G26640,AT2G03590
AT4G26640,AT5G48290
AT4G26640,AT1G03370
AT4G26640,AT2G40180
AT4G26640,AT4G15070
AT4G26640,AT3G12250
AT4G26640,AT3G60250
AT4G26640,AT3G62120
AT4G26640,AT5G53050
AT4G26640,AT4G20930
AT4G26640,AT4G21410
AT4G26640,AT4G23460
AT4G26640,AT4G23740
AT4G26640,AT4G25390
AT4G26640,AT3G55740
AT4G26640,AT5G44400
AT4G26640,AT3G01730
AT4G26640,AT5G66270
AT4G04450,AT1G03410
AT4G04450,AT1G48370
AT4G04450,AT1G52200
AT4G04450,AT1G72280
AT4G04450,AT2G03590
AT4G04450,AT2G37430
AT4G04450,AT2G37585
AT4G04450,AT2G40180
AT4G04450,AT3G62120
AT4G04450,AT4G16563
AT4G04450,AT4G21410
AT4G04450,AT4G21990
AT4G04450,AT4G23740
AT4G04450,AT5G07370
AT3G57600,AT1G03470
AT3G57600,AT4G27050
AT3G57600,AT3G21755
AT3G57600,AT3G07215
AT3G57600,AT1G05860
AT3G57600,AT2G21300
AT3G57600,AT4G37520
AT3G57600,AT3G50350
AT3G57600,AT1G19150
AT3G57600,AT4G05390
AT3G57600,AT2G20250
AT3G57600,AT3G52070
AT3G57600,AT2G47180
AT3G57600,AT4G28260
AT3G57600,AT5G18790
AT3G57600,AT3G45880
AT3G57600,AT1G52510
AT3G57600,AT4G32350
AT3G57600,AT1G55810
AT3G57600,AT5G32450
AT3G57600,AT3G23600
AT3G57600,AT4G00080
AT3G57600,AT5G47650
AT3G57600,AT4G31530
AT3G57600,AT1G31050
AT3G57600,AT3G63120
AT3G57600,AT4G28660
AT3G57600,AT5G55580
AT3G57600,AT3G44190
AT3G57600,AT1G33415
AT3G57600,AT5G37850
AT3G57600,AT3G58110
AT3G57600,AT5G49840
AT3G57600,AT1G23950
AT3G57600,AT5G09740
AT3G57600,AT1G74370
AT3G57600,AT1G75830
AT3G57600,AT5G05420
AT3G57600,AT4G25710
AT3G57600,AT1G78070
AT3G57600,AT4G24250
AT3G57600,AT3G08520
AT3G57600,AT3G58660
AT3G57600,AT1G61010
AT3G57600,AT3G28875
AT3G57600,AT5G45340
AT3G57600,AT1G77122
AT3G57600,AT2G01918
AT3G57600,AT3G53180
AT3G57600,AT4G32900
AT3G57600,AT2G20815
AT3G57600,AT5G60590
AT3G57600,AT3G62800
AT3G57600,AT3G07530
AT3G57600,AT1G80480
AT3G57600,AT1G21610
AT3G57600,AT3G17470
AT3G57600,AT5G50240
AT3G57600,AT4G21150
AT3G57600,AT4G33700
AT3G57600,AT5G23120
AT3G57600,AT5G05670
AT3G57600,AT5G01175
AT3G57600,AT5G42630
AT3G57600,AT3G61680
AT3G57600,AT5G47820
AT3G57600,AT5G06980
AT3G57600,AT5G53860
AT3G57600,AT1G43560
AT3G57600,AT1G33500
AT3G57600,AT5G57390
AT3G57600,AT5G62950
AT1G06160,AT2G35600
AT1G06160,AT5G09690
AT1G06160,AT3G07530
AT1G06160,AT3G09600
AT1G06160,AT2G39800
AT1G06160,AT3G13225
AT1G06160,AT3G01910
AT1G06160,AT4G02570
AT1G06160,AT3G17300
AT2G43010,AT5G14420
AT2G43010,AT5G04090
AT2G43010,AT1G59660
AT2G43010,AT2G45990
AT2G43010,AT1G78900
AT2G43010,AT5G60590
AT2G43010,AT5G42290
AT2G43010,AT4G20230
AT2G43010,AT4G33990
AT2G43010,AT3G11930
AT5G58900,AT1G03620
AT5G58900,AT1G20350
AT5G58900,AT2G05310
AT5G58900,AT2G36320
AT5G58900,AT3G06070
AT5G58900,AT2G24550
AT5G58900,AT3G29410
AT5G58900,AT5G01530
AT5G58900,AT5G10710
AT5G58900,AT3G05900
AT5G58900,AT5G61590
AT1G75490,AT1G03840
AT1G75490,AT1G04635
AT1G75490,AT1G08840
AT1G75490,AT1G14030
AT1G75490,AT1G25145
AT1G75490,AT5G61350
AT1G75490,AT1G52510
AT1G75490,AT1G55810
AT1G75490,AT4G14870
AT1G75490,AT1G76960
AT1G75490,AT1G64940
AT1G75490,AT4G35685
AT1G75490,AT2G31920
AT1G75490,AT3G52070
AT1G75490,AT2G35140
AT1G75490,AT2G41950
AT1G75490,AT2G42320
AT1G75490,AT3G01930
AT1G75490,AT3G18040
AT1G75490,AT5G18190
AT1G75490,AT3G05858
AT1G75490,AT1G27470
AT1G75490,AT3G07215
AT1G75490,AT5G42630
AT1G75490,AT3G18000
AT1G75490,AT4G32350
AT1G75490,AT3G21755
AT1G75490,AT4G37520
AT1G75490,AT4G00040
AT1G75490,AT4G21150
AT1G75490,AT4G23320
AT1G75490,AT4G24250
AT1G75490,AT4G27050
AT1G75490,AT4G27490
AT1G75490,AT4G28800
AT1G75490,AT4G30845
AT1G75490,AT4G31150
AT1G75490,AT4G33467
AT1G75490,AT4G36810
AT1G75490,AT4G37380
AT1G75490,AT4G38260
AT1G75490,AT5G01175
AT1G75490,AT5G06980
AT1G75490,AT5G18550
AT1G75490,AT5G23120
AT1G75490,AT5G27390
AT1G75490,AT1G03250
AT1G75490,AT5G44160
AT1G75490,AT5G53660
AT1G75490,AT5G53860
AT1G75490,AT5G55580
AT1G75490,AT5G58140
AT1G75490,AT5G58250
AT1G75490,AT5G59070
AT1G75490,AT5G59750
AT1G75490,AT5G67190
AT1G75490,AT5G67300
AT2G42280,AT1G24280
AT2G42280,AT4G05320
AT2G42280,AT3G50350
AT2G42280,AT5G57870
AT2G42280,AT3G59850
AT2G42280,AT5G41780
AT2G42280,AT2G20585
AT2G42280,AT5G58540
AT2G42280,AT5G19970
AT2G42280,AT2G40810
AT2G42280,AT4G21870
AT2G42280,AT1G75830
AT2G42280,AT3G50230
AT2G42280,AT1G16635
AT2G42280,AT1G15340
AT2G42280,AT4G15236
AT5G52020,AT1G64105
AT5G52020,AT4G36350
AT5G52020,AT2G37260
AT5G52020,AT3G01810
AT5G52020,AT3G06770
AT5G52020,AT3G25440
AT5G52020,AT3G61260
AT5G52020,AT4G18030
AT5G52020,AT5G01780
AT5G52020,AT5G49215
AT2G18300,AT1G14580
AT2G18300,AT3G50750
AT2G18300,AT1G31420
AT2G18300,AT1G20515
AT2G18300,AT5G52210
AT2G18300,AT3G12210
AT2G18300,AT1G70270
AT2G18300,AT2G38025
AT2G18300,AT1G47990
AT2G18300,AT1G52510
AT2G18300,AT1G52720
AT2G18300,AT1G60790
AT2G18300,AT5G67410
AT2G18300,AT1G70090
AT2G18300,AT1G72990
AT2G18300,AT1G14345
AT2G18300,AT1G76240
AT2G18300,AT5G16800
AT2G18300,AT2G04270
AT2G18300,AT2G20610
AT2G18300,AT2G28490
AT2G18300,AT3G58120
AT2G18300,AT3G58640
AT2G18300,AT3G01990
AT2G18300,AT3G11410
AT2G18300,AT3G17860
AT2G18300,AT3G54500
AT2G18300,AT3G49630
AT2G18300,AT3G23220
AT2G18300,AT3G54460
AT2G18300,AT3G45230
AT2G18300,AT4G04930
AT2G18300,AT4G16370
AT2G18300,AT3G61470
AT2G18300,AT2G28250
AT2G18300,AT5G16150
AT2G18300,AT5G17240
AT2G18300,AT5G47220
AT2G18300,AT5G47900
AT2G18300,AT5G49430
AT2G18300,AT5G64710
AT1G01260,AT2G38025
AT1G01260,AT5G10290
AT1G01260,AT3G07030
AT1G69310,AT5G66530
AT1G69310,AT4G32360
AT1G69310,AT4G36105
AT1G69310,AT3G05420
AT1G69310,AT1G56180
AT1G69310,AT5G14220
AT1G69310,AT2G45500
AT1G69310,AT5G25910
AT1G69310,AT3G49410
AT1G69310,AT1G25682
AT1G69310,AT5G36120
AT1G69310,AT1G76900
AT1G69310,AT5G28830
AT1G69310,AT2G45670
AT1G69310,AT5G43440
AT1G69310,AT5G48175
AT1G69310,AT4G10500
AT1G69310,AT5G11970
AT4G01280,AT5G17920
AT4G01280,AT3G27325
AT4G01280,AT3G55070
AT4G01280,AT3G57390
AT4G01280,AT3G01380
AT5G52660,AT5G17920
AT5G52660,AT3G27325
AT5G52660,AT3G55070
AT5G52660,AT3G57390
AT5G52660,AT4G33300
AT5G52660,AT1G78070
AT5G52660,AT1G27500
AT4G14410,AT2G28250
AT4G14410,AT5G65140
AT4G14410,AT5G64940
AT4G14410,AT3G54440
AT4G14410,AT3G48260
AT4G14410,AT1G78900
AT4G14410,AT1G30300
AT4G14410,AT1G79090
AT4G14410,AT1G25220
AT4G14410,AT5G61910
AT4G14410,AT1G52510
AT4G14410,AT5G49430
AT4G14410,AT4G36620
AT4G14410,AT2G38025
AT4G14410,AT1G31420
AT4G14410,AT3G01990
AT4G14410,AT3G07255
AT4G14410,AT2G36960
AT4G14410,AT3G11930
AT4G14410,AT5G45340
AT4G14410,AT4G25520
AT4G14410,AT3G57930
AT4G14410,AT3G57940
AT4G14410,AT1G50440
AT4G14410,AT5G66880
AT4G14410,AT3G46920
AT4G14410,AT1G20870
AT4G14410,AT1G03840
AT4G14410,AT4G38260
AT4G14410,AT5G60590
AT4G14410,AT3G02980
AT4G14410,AT5G16800
AT4G14410,AT3G04370
AT4G14410,AT5G10290
AT4G14410,AT5G16410
AT4G14410,AT5G50360
AT4G14410,AT1G22380
AT4G23750,AT3G14120
AT4G23750,AT5G50240
AT4G23750,AT4G25710
AT4G23750,AT1G63350
AT4G23750,AT3G45880
AT4G23750,AT5G60590
AT4G23750,AT5G60580
AT4G23750,AT5G62575
AT4G23750,AT3G16940
AT4G23750,AT2G44180
AT3G56400,AT1G14970
AT3G56400,AT1G34370
AT3G56400,AT2G32700
AT3G56400,AT1G48370
AT3G56400,AT1G10920
AT3G56400,AT3G56410
AT3G56400,AT3G20935
AT3G56400,AT3G62830
AT3G56400,AT5G63180
AT3G56400,AT2G03590
AT3G56400,AT3G06140
AT3G56400,AT4G15070
AT3G56400,AT5G14030
AT3G56400,AT2G02860
AT3G56400,AT3G62120
AT3G56400,AT4G16563
AT3G56400,AT5G53050
AT3G56400,AT4G29170
AT3G56400,AT1G63860
AT3G56400,AT3G01730
AT5G24110,AT4G32360
AT5G24110,AT1G56180
AT5G24110,AT4G22980
AT5G24110,AT2G45670
AT5G24110,AT5G06235
AT5G24110,AT3G52105
AT5G24110,AT3G58620
AT5G24110,AT1G51860
AT5G24110,AT2G37920
AT5G24110,AT3G49410
AT5G24110,AT1G67490
AT5G24110,AT5G57230
AT5G24110,AT1G76900
AT5G24110,AT5G57030
AT5G24110,AT3G28480
AT5G24110,AT3G50070
AT5G24110,AT2G45500
AT5G24110,AT5G55130
AT5G24110,AT1G56300
AT5G24110,AT3G54960
AT5G24110,AT4G08980
AT5G24110,AT2G39675
AT5G24110,AT5G42800
AT5G24110,AT5G48175
AT5G24110,AT1G59910
AT4G36930,AT1G30300
AT4G36930,AT3G54760
AT4G36930,AT3G57470
AT4G36930,AT2G18090
AT4G36930,AT4G23910
AT4G36930,AT4G33890
AT4G36930,AT3G46920
AT4G36930,AT2G38025
AT4G36930,AT5G40240
AT4G36930,AT2G46790
AT4G36930,AT2G36960
AT4G36930,AT3G01990
AT4G36930,AT3G07030
AT4G36930,AT3G08840
AT4G36930,AT5G63970
AT4G31800,AT5G59470
AT4G31800,AT1G15540
AT4G31800,AT5G03380
AT4G31800,AT4G30640
AT4G31800,AT1G70140
AT4G31800,AT5G58720
AT4G31800,AT1G03290
AT4G31800,AT1G51860
AT4G31800,AT1G25682
AT4G31800,AT1G78240
AT4G31800,AT1G76900
AT4G31800,AT4G12020
AT4G31800,AT5G55130
AT4G31800,AT3G49410
AT4G31800,AT4G33985
AT4G31800,AT3G04320
AT4G31800,AT5G36120
AT4G31800,AT3G07320
AT4G31800,AT4G32360
AT4G31800,AT5G11970
AT4G31800,AT4G00620
AT4G31800,AT1G06780
AT4G31800,AT1G56300
AT4G31800,AT2G45500
AT4G31800,AT4G36105
AT4G31800,AT3G25510
AT5G01900,AT5G45650
AT1G62300,AT1G15530
AT1G62300,AT1G52200
AT1G62300,AT1G73970
AT1G62300,AT2G03590
AT1G62300,AT3G44735
AT1G62300,AT3G60250
AT1G62300,AT4G20930
AT1G62300,AT4G21410
AT1G62300,AT4G25390
AT1G62300,AT5G07370
AT1G62300,AT5G08310
AT1G62300,AT5G55130
AT1G12610,AT2G28900
AT1G12610,AT3G54400
AT4G00050,AT2G38025
AT4G00050,AT3G07030
AT4G22070,AT1G15540
AT4G22070,AT1G59580
AT4G22070,AT1G59910
AT4G22070,AT1G67490
AT4G22070,AT1G69520
AT4G22070,AT1G76900
AT4G22070,AT2G34930
AT4G22070,AT3G54960
AT4G22070,AT4G25380
AT4G22070,AT4G27852
AT4G22070,AT5G03555
AT4G22070,AT5G45670
AT4G22070,AT5G60770
AT2G46400,AT4G33540
AT2G46400,AT2G45500
AT2G46400,AT5G60770
AT2G46400,AT3G12050
AT2G46400,AT1G67490
AT2G46400,AT1G56180
AT2G46400,AT1G25682
AT2G46400,AT5G58720
AT2G46400,AT1G76900
AT2G46400,AT5G55130
AT2G46400,AT1G65486
AT2G46400,AT1G14820
AT2G46400,AT3G12020
AT2G46400,AT1G70140
AT2G46400,AT1G51860
AT2G46400,AT4G08980
AT2G46400,AT2G45670
AT2G46400,AT4G12020
AT2G46400,AT4G32360
AT2G46400,AT3G12040
AT2G46400,AT3G57645
AT2G46400,AT3G16750
AT2G46400,AT1G56300
AT2G46400,AT4G00620
AT2G46400,AT3G25510
AT2G46400,AT3G49410
AT2G46400,AT4G16983
AT2G46400,AT5G53360
AT1G01060,AT5G17920
AT1G01060,AT2G43210
AT1G70000,AT2G38840
AT1G70000,AT4G06676
AT1G70000,AT5G66350
AT1G70000,AT3G52060
AT1G70000,AT3G55480
AT1G70000,AT2G33800
AT1G70000,AT3G21055
AT1G70000,AT2G46200
AT1G63030,AT5G49430
AT1G49950,AT4G34610
AT1G49950,AT4G13330
AT1G32640,AT2G38025
AT2G46510,AT3G57930
AT2G46510,AT4G03280
